-- phpMyAdmin SQL Dump
-- version 5.1.1
-- https://www.phpmyadmin.net/
--
-- Host: 127.0.0.1
-- Generation Time: Apr 10, 2022 at 06:48 PM
-- Server version: 10.4.22-MariaDB
-- PHP Version: 8.0.15

SET SQL_MODE = "NO_AUTO_VALUE_ON_ZERO";
START TRANSACTION;
SET time_zone = "+00:00";


/*!40101 SET @OLD_CHARACTER_SET_CLIENT=@@CHARACTER_SET_CLIENT */;
/*!40101 SET @OLD_CHARACTER_SET_RESULTS=@@CHARACTER_SET_RESULTS */;
/*!40101 SET @OLD_COLLATION_CONNECTION=@@COLLATION_CONNECTION */;
/*!40101 SET NAMES utf8mb4 */;

--
-- Database: `hotelfinder`
--

-- --------------------------------------------------------

--
-- Table structure for table `tblbanner`
--

CREATE TABLE `tblbanner` (
  `BannerID` int(11) NOT NULL,
  `BannerImageURL` varchar(200) NOT NULL,
  `Priority` tinyint(4) NOT NULL,
  `Status` tinyint(4) NOT NULL
) ENGINE=InnoDB DEFAULT CHARSET=utf8mb4;

--
-- Dumping data for table `tblbanner`
--

INSERT INTO `tblbanner` (`BannerID`, `BannerImageURL`, `Priority`, `Status`) VALUES
(1, 'images/slider1.jpg', 2, 0),
(2, 'images/slider2.jpg', 1, 0),
(3, 'images/slider3.jpg', 3, 0);

-- --------------------------------------------------------

--
-- Table structure for table `tblcitymasters`
--

CREATE TABLE `tblcitymasters` (
  `CityID` int(11) NOT NULL,
  `CityName` varchar(50) NOT NULL,
  `CityImage` text NOT NULL,
  `CityState` varchar(50) NOT NULL,
  `Status` tinyint(4) NOT NULL
) ENGINE=InnoDB DEFAULT CHARSET=utf8mb4;

--
-- Dumping data for table `tblcitymasters`
--

INSERT INTO `tblcitymasters` (`CityID`, `CityName`, `CityImage`, `CityState`, `Status`) VALUES
(1, 'Bengaluru', 'img/Banglore.jpg', '', 0),
(2, 'Jaipur', 'img/Jaipur.jpg', '', 0),
(3, 'Lonvala', 'img/Lonavala.jpg', '', 0),
(4, 'Manali', 'img/manali.jpg', '', 0),
(5, 'Mumbai', 'img/mumbai.jpg', '', 0),
(6, 'New Delhi', 'img/New delhi.jpg', '', 0),
(7, 'Jammu & Kashmir', '', '', 0),
(8, 'Goa', 'img/Goa.jpg', 'Goa', 0);

-- --------------------------------------------------------

--
-- Table structure for table `tblhoteldetails`
--

CREATE TABLE `tblhoteldetails` (
  `HDID` int(11) NOT NULL,
  `HotelID` int(11) NOT NULL,
  `HotelContactNo` varchar(20) NOT NULL,
  `HotelEmailID` varchar(80) NOT NULL,
  `HotelRatings` varchar(20) NOT NULL,
  `HotelOwnerName` varchar(50) NOT NULL,
  `IsHotelPetFriendly` tinyint(4) NOT NULL,
  `HotelHasRestaurant` tinyint(4) NOT NULL,
  `HotelHasSwimmingPool` tinyint(4) NOT NULL,
  `HotelHasNonVegFood` tinyint(4) NOT NULL,
  `Status` tinyint(4) NOT NULL
) ENGINE=InnoDB DEFAULT CHARSET=utf8mb4;

-- --------------------------------------------------------

--
-- Table structure for table `tblhotelimages`
--

CREATE TABLE `tblhotelimages` (
  `HID` int(11) NOT NULL,
  `ImageLocation` text NOT NULL,
  `HotelID` int(11) NOT NULL,
  `isPrimary` tinyint(4) NOT NULL,
  `isCover` tinyint(4) NOT NULL,
  `Status` tinyint(4) NOT NULL
) ENGINE=InnoDB DEFAULT CHARSET=utf8mb4;

--
-- Dumping data for table `tblhotelimages`
--

INSERT INTO `tblhotelimages` (`HID`, `ImageLocation`, `HotelID`, `isPrimary`, `isCover`, `Status`) VALUES
(1, 'images/blueor-default.jpg', 1, 0, 0, 0),
(2, 'images/blueor-1.jpg', 1, 1, 1, 0),
(3, 'images/blueor-2.jpg', 1, 1, 1, 0),
(4, 'images/Hotel sugan.jpg', 3, 0, 0, 0),
(5, 'images/santana.jpg', 4, 0, 0, 0),
(6, 'images/casa.jpg', 5, 0, 0, 0),
(7, 'images/foothill.jpg', 6, 0, 0, 0),
(8, 'images/sahara.jpg', 7, 0, 0, 0),
(9, 'images/ginger.jpg', 8, 0, 0, 0),
(11, 'images/courtyard.jpg', 10, 0, 0, 0),
(12, 'images/madh.jpg', 11, 0, 0, 0),
(13, 'images/international.jpg', 12, 0, 0, 0),
(14, 'images/novol.jpg', 13, 0, 0, 0),
(15, 'images/sea.jpg', 14, 0, 0, 0),
(16, 'images/istay.jpg', 15, 0, 0, 0),
(17, 'images/radission.jpg', 16, 0, 0, 0),
(18, 'images/ITC.jpg', 17, 0, 0, 0),
(19, 'images/fairfield.jpg', 18, 0, 0, 0),
(20, 'images/taj.jpg', 19, 0, 0, 0),
(21, 'images/savoury.jpg\r\n', 20, 0, 0, 0),
(22, 'images/lords.jpg', 21, 0, 0, 0),
(23, 'images/chauklya.jpg', 22, 0, 0, 0),
(24, 'images/ibis.jpg', 23, 0, 0, 0),
(25, 'images/marriott.jpg', 24, 0, 0, 0),
(26, 'images/grand.jpg', 25, 0, 0, 0),
(28, 'images/hyatt.jpg', 26, 0, 0, 0),
(29, 'images/goa.jpg', 27, 0, 0, 0),
(31, 'images/baga.jpg', 28, 0, 0, 0),
(32, 'images/novotel.jpg', 29, 0, 0, 0),
(33, 'images/30.jpg', 30, 0, 0, 0),
(34, 'images/sinq.jpg', 31, 0, 0, 0),
(35, 'images/seacoin.jpg', 32, 0, 0, 0),
(36, 'images/o3.jpg', 33, 0, 0, 0),
(37, 'images/soul.jpg', 34, 0, 0, 0),
(38, 'images/arc.jpg', 35, 0, 0, 0),
(39, 'images/hard.jpg', 36, 0, 0, 0),
(40, 'images/jaipur.jpg', 37, 0, 0, 0),
(41, 'images/hil.jpg', 38, 0, 0, 0),
(42, 'images/umaid.jpg', 39, 0, 0, 0),
(43, 'images/pearl.jpg', 40, 0, 0, 0),
(44, 'images/lotus.jpg', 41, 0, 0, 0),
(45, 'images/oyo.jpg', 42, 0, 0, 0),
(46, 'images/jai.jpg', 43, 0, 0, 0),
(47, 'images/welcome.jpg', 44, 0, 0, 0),
(48, 'images/orchard.jpg', 45, 0, 0, 0),
(49, 'images/club.jpg', 46, 0, 0, 0),
(50, 'images/holi.jpg', 47, 0, 0, 0),
(51, 'images/zip.jpg', 48, 0, 0, 0),
(52, 'images/sun.jpg', 49, 0, 0, 0),
(53, 'images/honey.jpg', 50, 0, 0, 0),
(54, 'images/op.jpg', 51, 0, 0, 0),
(55, 'images/man.jpg', 52, 0, 0, 0),
(56, 'images/white.jpg', 53, 0, 0, 0),
(57, 'images/crowne1.jpg', 55, 0, 0, 0),
(60, 'images/crowne2.jpg', 55, 1, 0, 0),
(61, 'images/crowne3.jpg', 55, 1, 1, 0),
(62, 'images/tajpalace.jpg', 56, 0, 0, 0),
(63, 'images/umrao.jpg\r\n', 57, 0, 0, 0),
(64, 'images/sid.jpg', 58, 0, 0, 0),
(65, 'images/lemon.jpg', 59, 0, 0, 0),
(66, 'images/60.jpg', 60, 0, 0, 0),
(67, 'images/61.jpg', 61, 0, 0, 0),
(68, 'images/62.jpg', 62, 0, 0, 0),
(69, 'images/63.jpg', 63, 0, 0, 0),
(70, 'images/machan.jpg', 2, 0, 0, 0),
(72, 'images/four season.jpg', 9, 0, 0, 0);

-- --------------------------------------------------------

--
-- Table structure for table `tblhotelmetacontent`
--

CREATE TABLE `tblhotelmetacontent` (
  `HMCID` int(11) NOT NULL,
  `HMtitle` varchar(100) NOT NULL,
  `HMDescription` varchar(1000) NOT NULL,
  `HMKeywords` varchar(500) NOT NULL,
  `HotelID` int(11) NOT NULL
) ENGINE=InnoDB DEFAULT CHARSET=utf8mb4;

-- --------------------------------------------------------

--
-- Table structure for table `tblhotelrooms`
--

CREATE TABLE `tblhotelrooms` (
  `RoomID` bigint(20) NOT NULL,
  `RoomFloor` varchar(20) NOT NULL,
  `RoomNoOfGuests` tinyint(4) NOT NULL,
  `RoomNoOfKids` tinyint(4) NOT NULL,
  `RoomPetsAllowed` tinyint(4) NOT NULL,
  `RoomNoOfBeds` tinyint(4) NOT NULL,
  `RoomToiletStyle` tinyint(4) NOT NULL,
  `RoomHasShower` tinyint(4) NOT NULL,
  `HotelID` int(11) NOT NULL
) ENGINE=InnoDB DEFAULT CHARSET=utf8mb4;

-- --------------------------------------------------------

--
-- Table structure for table `tblhotels`
--

CREATE TABLE `tblhotels` (
  `HotelID` int(11) NOT NULL,
  `CityID` int(11) NOT NULL,
  `HotelName` varchar(100) DEFAULT NULL,
  `HotelAddress` varchar(1000) DEFAULT NULL,
  `HotelLocation` text DEFAULT NULL,
  `FreeBreakfast` tinyint(4) NOT NULL,
  `DistanceDescription` varchar(300) NOT NULL,
  `RoomType` tinyint(4) NOT NULL COMMENT '0-Deluxe, 1-Couple',
  `HotelStars` text NOT NULL,
  `FreeCancellation` tinyint(4) NOT NULL,
  `BookingComPrice` int(11) NOT NULL,
  `BookingComURL` text DEFAULT NULL,
  `TripComPrice` int(11) NOT NULL,
  `TripComURL` text DEFAULT NULL,
  `Status` tinyint(4) NOT NULL,
  `HotelDetails` text NOT NULL,
  `Filter_GuestRating` varchar(50) NOT NULL,
  `Filter_StarRating` tinyint(4) NOT NULL,
  `Rating_of_HF` varchar(6) NOT NULL,
  `Rating_by_location` varchar(6) NOT NULL,
  `Rating_by_cleanliness` varchar(6) NOT NULL,
  `Rating_by_Service` varchar(6) NOT NULL
) ENGINE=InnoDB DEFAULT CHARSET=utf8mb4;

--
-- Dumping data for table `tblhotels`
--

INSERT INTO `tblhotels` (`HotelID`, `CityID`, `HotelName`, `HotelAddress`, `HotelLocation`, `FreeBreakfast`, `DistanceDescription`, `RoomType`, `HotelStars`, `FreeCancellation`, `BookingComPrice`, `BookingComURL`, `TripComPrice`, `TripComURL`, `Status`, `HotelDetails`, `Filter_GuestRating`, `Filter_StarRating`, `Rating_of_HF`, `Rating_by_location`, `Rating_by_cleanliness`, `Rating_by_Service`) VALUES
(1, 1, 'Treebo Trend Blu Orchid', '#106, 4th Cross Mottapannapalya main Road Near Indra Nagar metro station, 560038 Bangalore, India', '<iframe src=\"https://www.google.com/maps/embed?pb=!1m18!1m12!1m3!1d3887.952644438666!2d77.63676331445691!3d12.974880718317774!2m3!1f0!2f0!3f0!3m2!1i1024!2i768!4f13.1!3m3!1m2!1s0x3bae17a4fb683687%3A0xb69ecff887a0633d!2sTreebo%20Trend%20Blu%20Orchid!5e0!3m2!1sen!2sin!4v1642256323575!5m2!1sen!2sin\" width=\"600\" height=\"450\" style=\"border:0;\" allowfullscreen=\"\" loading=\"lazy\"></iframe>', 0, 'Under 5 km from city', 0, '★★★', 0, 2178, 'https://www.booking.com/searchresults.en-gb.html?aid=318615&label=English_India_EN_IN_28546570345-eYW540EsJbOacWZK6kIFyAS217247309487%3Apl%3Ata%3Ap1%3Ap2%3Aac%3Aap%3Aneg%3Afi%3Atiaud-297601666555%3Adsa-209717190505%3Alp9062209%3Ali%3Adec%3Adm&sid=79954ed21721806cada00d8de4c607d8&sb=1&src=searchresults&src_elem=sb&error_url=https%3A%2F%2Fwww.booking.com%2Fsearchresults.en-gb.html%3Faid%3D318615%3Blabel%3DEnglish_India_EN_IN_28546570345-eYW540EsJbOacWZK6kIFyAS217247309487%253Apl%253Ata%253Ap1%253Ap2%253Aac%253Aap%253Aneg%253Afi%253Atiaud-297601666555%253Adsa-209717190505%253Alp9062209%253Ali%253Adec%253Adm%3Bsid%3D79954ed21721806cada00d8de4c607d8%3Btmpl%3Dsearchresults%3Bcity%3D-2090174%3Bclass_interval%3D1%3Bdest_id%3D-2090174%3Bdest_type%3Dcity%3Bdtdisc%3D0%3Bhighlighted_hotels%3D4831586%3Bhlrd%3Dno_dates%3Binac%3D0%3Bindex_postcard%3D0%3Blabel_click%3Dundef%3Boffset%3D0%3Bpostcard%3D0%3Bredirected%3D1%3Broom1%3DA%252CA%252C%3Bsb_price_type%3Dtotal%3Bshw_aparth%3D1%3Bslp_r_match%3D0%3Bsource%3Dhotel%3Bsrpvid%3De0335ac213580094%3Bss_all%3D0%3Bssb%3Dempty%3Bsshis%3D0%26%3B&highlighted_hotels=4831586&ss=Bangalore&is_ski_area=0&ssne=Bangalore&ssne_untouched=Bangalore&city=-2090174&checkin_year=2022&checkin_month=3&checkin_monthday=13&checkout_year=2022&checkout_month=3&checkout_monthday=14&group_adults=2&group_children=0&no_rooms=1&from_sf=1&sr_change_search=2', 2227, 'https://www.makemytrip.com/hotels/hotel-listing/?checkin=03132022&topHtlId=202108201502321860&city=CTBLR&checkout=03142022&roomStayQualifier=2e0e&locusId=CTBLR&country=IN&locusType=city&searchText=Treebo%20Trend%20Blu%20Orchid,%20Bangalore,%20Karnataka&visitorId=95449022-b56d-4d60-ab80-1d7e4bf5eed5&regionNearByExp=3', 0, 'The megacity of Bangalore not only known to be the silicon valley of India but also the best tourist place for families, friends, singles, business people and even for the old ages. Since there are so many things to see and experience in Bangalore city a good stay will complete your experience in the city. And if you were looking for budget hotels in Bangalore than you would have definitely come across Treebo Hotels in Bangalore. If you are planning to stay near Indiranagar than Treebo Trend Blu Orchid is a good option to stay. ', 'Excellent', 5, '★★★★★', '★★★★', '★★★★★', '★★★★'),
(2, 3, 'The Machan', 'Village Jambulne, 8 km Short of Aamby Valley, Taluka Mulshi, District Pune, 410401 Lonavala, India', '<iframe src=\"https://www.google.com/maps/embed?pb=!1m18!1m12!1m3!1d3779.876989808463!2d73.40465711451917!3d18.669515169475456!2m3!1f0!2f0!3f0!3m2!1i1024!2i768!4f13.1!3m3!1m2!1s0x3be80306196d5377%3A0xc6b540ab1d92f30!2sThe%20Machan!5e0!3m2!1sen!2sin!4v1642256477055!5m2!1sen!2sin\" width=\"600\" height=\"450\" style=\"border:0;\" allowfullscreen=\"\" loading=\"lazy\"></iframe>', 0, 'The machan is 30 minutes drive from lonvala train station', 0, '★★★★★', 0, 10925, 'https://www.booking.com/searchresults.en-gb.html?aid=318615&label=English_India_EN_IN_28546570345-eYW540EsJbOacWZK6kIFyAS217247309487%3Apl%3Ata%3Ap1%3Ap2%3Aac%3Aap%3Aneg%3Afi%3Atiaud-297601666555%3Adsa-209717190505%3Alp9062209%3Ali%3Adec%3Adm&sid=79954ed21721806cada00d8de4c607d8&sb=1&src=searchresults&src_elem=sb&error_url=https%3A%2F%2Fwww.booking.com%2Fsearchresults.en-gb.html%3Faid%3D318615%3Blabel%3DEnglish_India_EN_IN_28546570345-eYW540EsJbOacWZK6kIFyAS217247309487%253Apl%253Ata%253Ap1%253Ap2%253Aac%253Aap%253Aneg%253Afi%253Atiaud-297601666555%253Adsa-209717190505%253Alp9062209%253Ali%253Adec%253Adm%3Bsid%3D79954ed21721806cada00d8de4c607d8%3Btmpl%3Dsearchresults%3Bcheckin_month%3D4%3Bcheckin_monthday%3D20%3Bcheckin_year%3D2022%3Bcheckout_month%3D4%3Bcheckout_monthday%3D21%3Bcheckout_year%3D2022%3Bcity%3D-2090174%3Bclass_interval%3D1%3Bdest_id%3D-2090174%3Bdest_type%3Dcity%3Bdtdisc%3D0%3Bfrom_sf%3D1%3Bgroup_adults%3D2%3Bgroup_children%3D0%3Bhighlighted_hotels%3D4831586%3Binac%3D0%3Bindex_postcard%3D0%3Blabel_click%3Dundef%3Bno_rooms%3D1%3Boffset%3D0%3Bpostcard%3D0%3Broom1%3DA%252CA%3Bsb_price_type%3Dtotal%3Bshw_aparth%3D1%3Bslp_r_match%3D0%3Bsrc%3Dsearchresults%3Bsrc_elem%3Dsb%3Bsrpvid%3D28ee5b282492010b%3Bss%3DBangalore%3Bss_all%3D0%3Bssb%3Dempty%3Bsshis%3D0%3Bssne%3DBangalore%3Bssne_untouched%3DBangalore%26%3B&highlighted_hotels=4831586&ss=The+Machan%2C+Lonavala%2C+Maharashtra%2C+India&is_ski_area=0&ssne=Bangalore&ssne_untouched=Bangalore&city=-2090174&checkin_year=2022&checkin_month=4&checkin_monthday=20&checkout_year=2022&checkout_month=4&checkout_monthday=21&group_adults=2&group_children=0&no_rooms=1&from_sf=1&ss_raw=The+Machan&ac_position=0&ac_langcode=en&ac_click_type=b&dest_id=1041606&dest_type=hotel&place_id_lat=18.669477&place_id_lon=73.40677&search_pageview_id=28ee5b282492010b&search_selected=true', 10200, 'https://www.makemytrip.com/hotels/hotel-details/?checkin=04192022&checkout=04202022&locusId=CTXLK&locusType=city&city=CTXLK&country=IN&searchText=The%20Machan%2C%20Lonavala%2C%20Maharashtra&roomStayQualifier=2e0e&_uCurrency=INR&reference=hotel&hotelId=201207311251197293&type=hotel&viewType=LUXE', 0, 'Offering unique tree houses and ground based cabins and an on-site Indian buffet restaurant, The Machan is located in Lonavala. All accommodation boasts a balcony offering stunning valley views.', 'Excellent', 5, '★★★★★', '★★★★', '★★★★★', '★★★★'),
(3, 2, 'Hotel Sugan Niwas Palace', 'vijay Path (Behind Sindhi Camp Bus Stand),, 302006 Jaipur, India ', '<iframe src=\"https://www.google.com/maps/embed?pb=!1m18!1m12!1m3!1d3557.3158841016134!2d75.79859861466043!3d26.925198566035228!2m3!1f0!2f0!3f0!3m2!1i1024!2i768!4f13.1!3m3!1m2!1s0x396db3ee15555555%3A0xef0692b466247706!2sSugan%20Niwas%20Palace!5e0!3m2!1sen!2sin!4v1642259915880!5m2!1sen!2sin\" width=\"600\" height=\"450\" style=\"border:0;\" allowfullscreen=\"\" loading=\"lazy\"></iframe>', 0, '10 minute walk from sindhi camp', 0, '★★★★', 0, 2340, 'https://www.booking.com/searchresults.en-gb.html?aid=318615&label=English_India_EN_IN_28546570345-eYW540EsJbOacWZK6kIFyAS217247309487%3Apl%3Ata%3Ap1%3Ap2%3Aac%3Aap%3Aneg%3Afi%3Atiaud-297601666555%3Adsa-209717190505%3Alp9062209%3Ali%3Adec%3Adm&sid=79954ed21721806cada00d8de4c607d8&sb=1&src=searchresults&src_elem=sb&error_url=https%3A%2F%2Fwww.booking.com%2Fsearchresults.en-gb.html%3Faid%3D318615%3Blabel%3DEnglish_India_EN_IN_28546570345-eYW540EsJbOacWZK6kIFyAS217247309487%253Apl%253Ata%253Ap1%253Ap2%253Aac%253Aap%253Aneg%253Afi%253Atiaud-297601666555%253Adsa-209717190505%253Alp9062209%253Ali%253Adec%253Adm%3Bsid%3D79954ed21721806cada00d8de4c607d8%3Btmpl%3Dsearchresults%3Bac_click_type%3Db%3Bac_position%3D0%3Bcheckin_month%3D4%3Bcheckin_monthday%3D20%3Bcheckin_year%3D2022%3Bcheckout_month%3D4%3Bcheckout_monthday%3D21%3Bcheckout_year%3D2022%3Bcity%3D-2090174%3Bclass_interval%3D1%3Bdest_id%3D1041606%3Bdest_type%3Dhotel%3Bdtdisc%3D0%3Bfrom_sf%3D1%3Bgroup_adults%3D2%3Bgroup_children%3D0%3Bhighlighted_hotels%3D4831586%3Binac%3D0%3Bindex_postcard%3D0%3Blabel_click%3Dundef%3Bno_rooms%3D1%3Boffset%3D0%3Bpostcard%3D0%3Braw_dest_type%3Dhotel%3Broom1%3DA%252CA%3Bsb_price_type%3Dtotal%3Bsearch_selected%3D1%3Bshw_aparth%3D1%3Bslp_r_match%3D0%3Bsrc%3Dsearchresults%3Bsrc_elem%3Dsb%3Bsrpvid%3Daab75c52792201c8%3Bss%3DThe%2520Machan%252C%2520Lonavala%252C%2520Maharashtra%252C%2520India%3Bss_all%3D0%3Bss_raw%3DThe%2520Machan%3Bssb%3Dempty%3Bsshis%3D0%3Bssne%3DBangalore%3Bssne_untouched%3DBangalore%26%3B&highlighted_hotels=4831586&ss=Hotel+Sugan+Niwas+Palace%2C+Jaipur%2C+Rajasthan%2C+India&is_ski_area=0&ssne=Lonavala&ssne_untouched=Lonavala&city=-2102774&checkin_year=2022&checkin_month=4&checkin_monthday=20&checkout_year=2022&checkout_month=4&checkout_monthday=21&group_adults=2&group_children=0&no_rooms=1&from_sf=1&ss_raw=Hotel+Sugan+Niwas+Palace&ac_position=0&ac_langcode=en&ac_click_type=b&dest_id=2829755&dest_type=hotel&place_id_lat=26.925201&place_id_lon=75.80079&search_pageview_id=aab75c52792201c8&search_selected=true', 2400, NULL, 0, 'FabHotel Sugan Niwas Palace is located off Bhrigu Road in the Bani Park neighborhood.Sindhi Camp metro station and bus station are 450 m from the hotel', 'Excellent', 5, '★★★★★', '★★★★', '★★★★★', '★★★★'),
(4, 8, 'Santana Beach Resort', 'Quinta Costa Frias Complex, Dando, 403515 Candolim, India', '<iframe src=\"https://www.google.com/maps/embed?pb=!1m18!1m12!1m3!1d3844.5976880318512!2d73.76770031433018!3d15.50605755840329!2m3!1f0!2f0!3f0!3m2!1i1024!2i768!4f13.1!3m3!1m2!1s0x3bbfc198d59159b1%3A0x4e29595cb4877cd7!2sSantana%20Beach%20Resort!5e0!3m2!1sen!2sin!4v1642318378391!5m2!1sen!2sin\" width=\"600\" height=\"450\" style=\"border:0;\" allowfullscreen=\"\" loading=\"lazy\"></iframe>', 0, 'The mapusa bus station is 7.5 min away', 0, '★★', 0, 4945, 'https://www.booking.com/hotel/in/santana-beach-resort.en-gb.html?aid=318615;label=English_India_EN_IN_28546570345-eYW540EsJbOacWZK6kIFyAS217247309487%3Apl%3Ata%3Ap1%3Ap2%3Aac%3Aap%3Aneg%3Afi%3Atiaud-297601666555%3Adsa-209717190505%3Alp9062209%3Ali%3Adec%3Adm;sid=79954ed21721806cada00d8de4c607d8;all_sr_blocks=89974402_279212657_2_2_0;checkin=2022-04-20;checkout=2022-04-21;dest_id=-2092526;dest_type=city;dist=0;group_adults=2;group_children=0;hapos=1;highlighted_blocks=89974402_279212657_2_2_0;hpos=1;matching_block_id=89974402_279212657_2_2_0;no_rooms=1;req_adults=2;req_children=0;room1=A%2CA;sb_price_type=total;sr_order=popularity;sr_pri_blocks=89974402_279212657_2_2_0__494910;srepoch=1647090801;srpvid=2a265cf88a1d0133;type=total;ucfs=1&#hotelTmpl', 4892, 'https://www.makemytrip.com/hotels/hotel-details/?checkin=04192022&checkout=04202022&locusId=CTGOI&locusType=city&city=CTGOI&country=IN&searchText=Santana%20Beach%20Resort%2C%20Goa&roomStayQualifier=2e0e&_uCurrency=INR&reference=hotel&hotelId=200703221605283033&lat=15.50638&lng=73.76829&type=hotel', 0, 'antana Beach Resort is connected to a beach shack by name calamari, which has live performances twice a day and completely worth it', 'Excellent', 5, '★★★★★', '★★★★', '★★★★★', '★★★★'),
(5, 8, 'De Aluizio', 'House No. 259, Socolvaddo, Assagao Village, Near Royale Assagao Resort, , 403507 Assagao, India', '<iframe src=\"https://www.google.com/maps/embed?pb=!1m18!1m12!1m3!1d3842.866141067243!2d73.77325671433124!3d15.59879915601726!2m3!1f0!2f0!3f0!3m2!1i1024!2i768!4f13.1!3m3!1m2!1s0x3bbfebb6928d1379%3A0xb39f783380be019c!2sDe%20Aluizio!5e0!3m2!1sen!2sin!4v1642318658179!5m2!1sen!2sin\" width=\"600\" height=\"450\" style=\"border:0;\" allowfullscreen=\"\" loading=\"lazy\"></iframe>', 0, '10 min away from assagaon station', 0, '★★★', 0, 3800, '', 3760, 'https://www.makemytrip.com/hotels/hotel-details/?hotelId=3274006741488172&_uCurrency=INR&checkin=04192022&checkout=04202022&city=CTGOI&country=IN&lat=15.59885&lng=73.77545&locusId=CTGOI&locusType=city&rank=1&regionNearByExp=3&roomStayQualifier=2e0e&searchText=De%20Aluizio%2C%20Goa&topHtlId=3274006741488172&viewType=BUDGET&visitorId=95449022-b56d-4d60-ab80-1d7e4bf5eed5&mtkeys=defaultMtkey', 0, 'asa Aluizio is located 500 m from the Assagao Bus Station and 5 km from the beautiful beaches of Anjuna and Baga. Free WiFi access is available in the public areas of the property.', 'Excellent', 5, '★★★★★', '★★★★', '★★★★★', '★★★★'),
(6, 8, 'The Foothills - A Boutique Hotel', 'Near Blue Lagoon, bammon waddo, Siolim, Bardez Goa, 403517 Siolim, India ', '<iframe src=\"https://www.google.com/maps/embed?pb=!1m18!1m12!1m3!1d30741.05529714433!2d73.74553199016144!3d15.611303189208764!2m3!1f0!2f0!3f0!3m2!1i1024!2i768!4f13.1!3m3!1m2!1s0x3bbfeb889d8a4705%3A0xc5d488edc98846c7!2sThe%20Foothills!5e0!3m2!1sen!2sin!4v1642318766277!5m2!1sen!2sin\" width=\"600\" height=\"450\" style=\"border:0;\" allowfullscreen=\"\" loading=\"lazy\"></iframe>', 0, 'This property is 18 minutes walk from the beach. Set in Siolim, 2.6 km from Chapora River', 0, '★★★★★', 0, 44000, 'https://www.booking.com/searchresults.en-gb.html?aid=378266&label=bdot-Os1*aFx2GVFdW3rxGd0MYQS461499016018%3Apl%3Ata%3Ap1%3Ap22%2C563%2C000%3Aac%3Aap%3Aneg%3Afi%3Atikwd-334108349%3Alp9062209%3Ali%3Adec%3Adm%3Appccp%3DUmFuZG9tSVYkc2RlIyh9YYriJK-Ikd_dLBPOo0BdMww&sid=79954ed21721806cada00d8de4c607d8&sb=1&src=searchresults&src_elem=sb&error_url=https%3A%2F%2Fwww.booking.com%2Fsearchresults.en-gb.html%3Faid%3D378266%3Blabel%3Dbdot-Os1%252AaFx2GVFdW3rxGd0MYQS461499016018%253Apl%253Ata%253Ap1%253Ap22%252C563%252C000%253Aac%253Aap%253Aneg%253Afi%253Atikwd-334108349%253Alp9062209%253Ali%253Adec%253Adm%253Appccp%253DUmFuZG9tSVYkc2RlIyh9YYriJK-Ikd_dLBPOo0BdMww%3Bsid%3D79954ed21721806cada00d8de4c607d8%3Btmpl%3Dsearchresults%3Bcheckin%3D2022-05-10%3Bcheckout%3D2022-06-11%3Bclass_interval%3D1%3Bdest_id%3D-2111761%3Bdest_type%3Dcity%3Bdtdisc%3D0%3Bgroup_adults%3D2%3Bgroup_children%3D0%3Binac%3D0%3Bindex_postcard%3D0%3Blabel_click%3Dundef%3Bno_rooms%3D1%3Boffset%3D0%3Bpostcard%3D0%3Braw_dest_type%3Dcity%3Broom1%3DA%252CA%3Bsb_price_type%3Dtotal%3Bshw_aparth%3D1%3Bslp_r_match%3D0%3Bsrpvid%3D1ef05e2f30d001fe%3Bss_all%3D0%3Bssb%3Dempty%3Bsshis%3D0%3Btrack_hp_back_button%3D1%26%3B&ss=Siolim&is_ski_area=0&ssne=Siolim&ssne_untouched=Siolim&city=-2111761&checkin_year=2022&checkin_month=6&checkin_monthday=9&checkout_year=2022&checkout_month=6&checkout_monthday=10&group_adults=2&group_children=0&no_rooms=1&from_sf=1&sr_change_search=2', 43650, 'https://www.makemytrip.com/hotels/hotel-details/?checkin=04192022&checkout=04202022&locusId=CTJAI&locusType=city&city=CTJAI&country=IN&searchText=The%20Foothills%20Villa%2C%20Jaipur%2C%20Rajasthan&roomStayQualifier=2e0e&_uCurrency=INR&reference=hotel&hotelId=202107291247269347&type=hotel', 0, 'The Foothills - A Boutique Hotel offers accommoda...', 'Very Good', 4, '★★★★★', '★★★★', '★★★★★', '★★★★'),
(7, 5, 'Hotel Sahara Star', 'Nehru Rd, opp. Domestic Airport, Navpada, Vile Parle East, Vile Parle, Mumbai, Maharashtra 400099', '<iframe src=\"https://www.google.com/maps/embed?pb=!1m18!1m12!1m3!1d3770.271475837126!2d72.85164091482228!3d19.09574278707655!2m3!1f0!2f0!3f0!3m2!1i1024!2i768!4f13.1!3m3!1m2!1s0x3be7c9ae7603612f%3A0x13cd7021e7dec9de!2sHotel%20Sahara%20Star!5e0!3m2!1sen!2sin!4v1648282094701!5m2!1sen!2sin\" width=\"600\" height=\"450\" style=\"border:0;\" allowfullscreen=\"\" loading=\"lazy\" referrerpolicy=\"no-referrer-when-downgrade\"></iframe>', 0, 'Sahara Star Hotel provides free parking and is jus...', 0, '★★★★★', 0, 11300, 'https://www.booking.com/hotel/in/sahara-star.en-gb.html?aid=378266;label=bdot-Os1%2AaFx2GVFdW3rxGd0MYQS461499016018%3Apl%3Ata%3Ap1%3Ap22%2C563%2C000%3Aac%3Aap%3Aneg%3Afi%3Atikwd-334108349%3Alp9062209%3Ali%3Adec%3Adm%3Appccp%3DUmFuZG9tSVYkc2RlIyh9YYriJK-Ikd_dLBPOo0BdMww;sid=79954ed21721806cada00d8de4c607d8;all_sr_blocks=26547410_245618666_2_2_0;checkin=2022-04-20;checkout=2022-04-21;dest_id=265474;dest_type=hotel;dist=0;group_adults=2;group_children=0;hapos=1;highlighted_blocks=26547410_245618666_2_2_0;hpos=1;matching_block_id=26547410_245618666_2_2_0;no_rooms=1;req_adults=2;req_children=0;room1=A%2CA;sb_price_type=total;sr_order=popularity;sr_pri_blocks=26547410_245618666_2_2_0__1130000;srepoch=1647094230;srpvid=bfaa63aa2c0501f9;type=total;ucfs=1&#hotelTmpl', 12000, NULL, 0, 'Located in Mumbai, Hotel Sahara Star, a 354 room p...', 'Excellent', 5, '★★★★★', '★★★★', '★★★★★', '★★★★'),
(8, 5, 'Ginger Mumbai (Andheri East\r\n', 'Teli Gali, Sampada Society, Andheri East, Mumbai, Maharashtra 400069\r\n', '<iframe src=\"https://www.google.com/maps/embed?pb=!1m18!1m12!1m3!1d3769.8102472885503!2d72.84783421482257!3d19.11597858706499!2m3!1f0!2f0!3f0!3m2!1i1024!2i768!4f13.1!3m3!1m2!1s0x3be7c9cd6995f953%3A0xf2919561b78ced15!2sGinger%20Mumbai%20(Andheri%20East)!5e0!3m2!1sen!2sin!4v1648282162562!5m2!1sen!2sin\" width=\"600\" height=\"450\" style=\"border:0;\" allowfullscreen=\"\" loading=\"lazy\" referrerpolicy=\"no-referrer-when-downgrade\"></iframe>', 0, 'Situated in Mumbai, 2.9 km from Juhu Beach,', 0, '★★★★★', 0, 5669, 'https://www.booking.com/hotel/in/ginger-mumbai-andheri-mumbai.en-gb.html?aid=378266;label=bdot-Os1%2AaFx2GVFdW3rxGd0MYQS461499016018%3Apl%3Ata%3Ap1%3Ap22%2C563%2C000%3Aac%3Aap%3Aneg%3Afi%3Atikwd-334108349%3Alp9062209%3Ali%3Adec%3Adm%3Appccp%3DUmFuZG9tSVYkc2RlIyh9YYriJK-Ikd_dLBPOo0BdMww;sid=79954ed21721806cada00d8de4c607d8;all_sr_blocks=221456403_347367914_0_42_0;checkin=2022-04-20;checkout=2022-04-21;dist=0;group_adults=2;group_children=0;hapos=1;highlighted_blocks=221456403_347367914_0_42_0;hpos=1;matching_block_id=221456403_347367914_0_42_0;no_rooms=1;req_adults=2;req_children=0;room1=A%2CA;sb_price_type=total;sr_order=distance_from_search;sr_pri_blocks=221456403_347367914_0_42_0__566910;srepoch=1647094423;srpvid=1cac640a161000f4;type=total;ucfs=1&#hotelTmpl', 0, NULL, 0, 'Ginger Mumbai, Andheri features accommodation with...', 'Excellent', 5, '★★★★★', '★★★★', '★★★★★', '★★★★'),
(9, 5, 'Four Seasons Hotel Mumbai\r\n', '1, 136, डॉ ई मोसेस मार्ग, Gandhi Nagar, Upper Worli, Worli, Mumbai, Maharashtra 400018\r\n', '<iframe src=\"https://www.google.com/maps/embed?pb=!1m18!1m12!1m3!1d3772.586944891369!2d72.81777711482061!3d18.993840987135133!2m3!1f0!2f0!3f0!3m2!1i1024!2i768!4f13.1!3m3!1m2!1s0x3be7ce8ecb9df2fd%3A0x4de65ba1148e563a!2sFour%20Seasons%20Hotel%20Mumbai!5e0!3m2!1sen!2sin!4v1648282128492!5m2!1sen!2sin\" width=\"600\" height=\"450\" style=\"border:0;\" allowfullscreen=\"\" loading=\"lazy\" referrerpolicy=\"no-referrer-when-downgrade\"></iframe>', 0, 'Four Seasons Hotel Mumbai is located in the Worli-..', 0, '★★★★★', 0, 15700, 'https://www.booking.com/hotel/in/four-seasons-mumbai.en-gb.html?aid=378266;label=bdot-Os1%2AaFx2GVFdW3rxGd0MYQS461499016018%3Apl%3Ata%3Ap1%3Ap22%2C563%2C000%3Aac%3Aap%3Aneg%3Afi%3Atikwd-334108349%3Alp9062209%3Ali%3Adec%3Adm%3Appccp%3DUmFuZG9tSVYkc2RlIyh9YYriJK-Ikd_dLBPOo0BdMww;sid=79954ed21721806cada00d8de4c607d8;all_sr_blocks=29344011_151472689_2_42_0;checkin=2022-04-20;checkout=2022-04-21;dest_id=293440;dest_type=hotel;dist=0;group_adults=2;group_children=0;hapos=1;highlighted_blocks=29344011_151472689_2_42_0;hpos=1;matching_block_id=29344011_151472689_2_42_0;no_rooms=1;req_adults=2;req_children=0;room1=A%2CA;sb_price_type=total;show_room=29344011;sr_order=popularity;sr_pri_blocks=29344011_151472689_2_42_0__1570000;srepoch=1647094669;srpvid=f5ea64848e11012d;type=total;ucfs=1&#RD29344011', 15505, 'https://www.trip.com/hotels/mumbai-hotel-detail-2198759/four-seasons-hotel-mumbai/?cityId=724&checkIn=2022-04-19&checkOut=2022-04-20&adult=1&children=0&crn=1&ages=&travelpurpose=0&curr=USD&link=title&hoteluniquekey=H4sIAAAAAAAAAON6xsTFKsFosIZJiImDUeoGE0f3gavqQhzmpobmlhYGRgbaFjOEHBnAYIqDJ5ieM90hgKcQImbgMInRg3PWzJkzbzJdchCsFlnn_jDsvIOSDseamVM4BRglZk-ZLarAqAlTbQhjWHTwBLFyfGSUYIlicGLj6NsDZM1gfD6zjXEFI-NGRrCqBzkOOxiZTjCeYlzAtOqr5i4mqLpDTKwcW2QkWE4xMVxiYrjFxPCICWLUKyaGT0wMv2DqmpgZupgZJjFDVM9ihihaxMxwigUidIklNrpaKTu1UsnKREepJLMkJ1XJSsk9Pz-lWCGm1MDAyEwhOLWoLDM5tVghJLFCSUcpMTe_NK8EqMjYTM_YDChQkljhmaJkZWSqo5ScmJNcmpNYkhpSWQA0x6I29hYLwyMWpujYTywMQiyggJVSME4xTk5LMjcwNTczNzE2Nk60MDA3NDIwTkw2S01KTU1V4Na4f3XTRDYj8VOMIoZmJuYGliYGpmbG5kD7SqrSslOsmKUY3TwYg9hcLAwtjU2jZLiYPf2CBJ_szUo9pL_VXoo5NNhFcZpiX2lhtKRDEmtqnm5ERMYWzgLGLkY2AUYPxgjGVYwMAF3MQxf3AQAA&barcurr=USD&HighPrice=300&LowPrice=0', 0, 'In the heart of Worli, the business hub of India’s largest city, Four Seasons Hotel Mumbai creates a tranquil, chic haven filled with sincere Indian hospitality. The Four Seasons offers comfortable rooms offering sweeping views of the city. It has an outdoor pool, spa and fitness centre.  The spacious air-conditioned rooms come with a DVD player, 42-inch LCD TV, an iPod docking station and a bar. The marble bathroom has a separate bathtub and walk-in shower.  Guests at the Mumbai Four Seasons can enjoy the ice fountain or the steam bath and Ayurvedic treatments at the spa. The hotel offers a concierge, babysitting services, and an ATM.', 'Excellent', 5, '★★★★★', '★★★★', '★★★★★', '★★★★'),
(10, 5, 'Courtyard by Marriott Mumbai International Airport', 'Cts 215, Andheri - Kurla Rd, opposite Carnival Cinemas, Andheri East, Mumbai, Maharashtra 400059', '<iframe src=\"https://www.google.com/maps/embed?pb=!1m18!1m12!1m3!1d3769.853762683084!2d72.86196921482261!3d19.11407028706607!2m3!1f0!2f0!3f0!3m2!1i1024!2i768!4f13.1!3m3!1m2!1s0x3be7c83a0b5aaceb%3A0x76df30fcaacbaa20!2sCourtyard%20by%20Marriott%20Mumbai%20International%20Airport!5e0!3m2!1sen!2sin!4v1648282065379!5m2!1sen!2sin\" width=\"600\" height=\"450\" style=\"border:0;\" allowfullscreen=\"\" loading=\"lazy\" referrerpolicy=\"no-referrer-when-downgrade\"></iframe>', 0, 'Courtyard by Marriott is at a 15-minute drive from...', 0, '★★★★★', 0, 7750, 'https://www.booking.com/hotel/in/courtyard-by-marriott-mumbai-international-airport.en-gb.html?aid=378266;label=bdot-Os1%2AaFx2GVFdW3rxGd0MYQS461499016018%3Apl%3Ata%3Ap1%3Ap22%2C563%2C000%3Aac%3Aap%3Aneg%3Afi%3Atikwd-334108349%3Alp9062209%3Ali%3Adec%3Adm%3Appccp%3DUmFuZG9tSVYkc2RlIyh9YYriJK-Ikd_dLBPOo0BdMww;sid=79954ed21721806cada00d8de4c607d8;all_sr_blocks=23899903_150070089_2_2_0;checkin=2022-04-20;checkout=2022-04-21;dest_id=238999;dest_type=hotel;dist=0;group_adults=2;group_children=0;hapos=1;highlighted_blocks=23899903_150070089_2_2_0;hpos=1;matching_block_id=23899903_150070089_2_2_0;no_rooms=1;req_adults=2;req_children=0;room1=A%2CA;sb_price_type=total;sr_order=popularity;sr_pri_blocks=23899903_150070089_2_2_0__775000;srepoch=1647094792;srpvid=5b1564c396d000cc;type=total;ucfs=1&#hotelTmpl', 8673, 'https://www.trip.com/hotels/mumbai-hotel-detail-2229485/courtyard-by-marriott-mumbai-international-airport/?cityId=724&checkIn=2022-04-19&checkOut=2022-04-20&adult=1&children=0&crn=1&ages=&travelpurpose=0&curr=USD&link=title&hoteluniquekey=H4sIAAAAAAAAAOPaxMjFK8Fo8B8GGIWYOBil5jBybHvwaz2LEKOhAafFJ0FHBhCoaHPwhDECeCYxSnKmgcC3Aw6CZ88AAc9-BydWjlMREiwzGN92djCuYGTcwch4gJHxBGPhAqY7v9h2MbFynAZKH2JiOMXEcImJ4RYTwyMmhldMDJ-YGH5BJZuYGbqYGSYxM8xiZljEzHCKheESC1N07C0Whkcg-hMLgxAr2HFSCqmWpqZJhkZppqkWaSYpqaZJqYkmpommpmZJZhapBolJCtwap65vmshmJH6KUcTQzMTcwNLEwNTM2NxMz7ikKi07xYpZitHNgzGIzcTSyMzMPEqGi9nTL0jwyd6s1EP6W-2lmEODXRSnKfaVFkZLOiSxpubpRkRkbOEsYOxiZBNg9GCMYFzFyAAA2dIPaEQBAAA&barcurr=USD', 0, 'Conveniently situated in North Mumbai’s business hub Andheri and a 5-minute walk from Chakala Metro Station, Courtyard by Marriott Mumbai International Airport houses an outdoor pool and a fitness centre. It has 3 dining options, including a 24-hour café. Free WiFi is available.', 'Excellent', 5, '★★★★★', '★★★★', '★★★★★', '★★★★'),
(11, 5, 'The Resort Madh-Marve', 'Aksa Beach, 11, Madh - Marve Rd, Dharvali, Aksa Gaon, Malad West, Mumbai, Maharashtra 400095', '<iframe src=\"https://www.google.com/maps/embed?pb=!1m18!1m12!1m3!1d3768.4970046391154!2d72.79364271482345!3d19.173482787032036!2m3!1f0!2f0!3f0!3m2!1i1024!2i768!4f13.1!3m3!1m2!1s0x3be7b42c37d577c9%3A0xad37c3f0107f7e8f!2sThe%20Resort%20Madh-Marve%2C%20Dharvali%2C%20Aksa%20Gaon%2C%20Madh%2C%20Mumbai%2C%20Maharashtra%20400061!5e0!3m2!1sen!2sin!4v1648282026203!5m2!1sen!2sin\" width=\"600\" height=\"450\" style=\"border:0;\" allowfullscreen=\"\" loading=\"lazy\" referrerpolicy=\"no-referrer-when-downgrade\"></iframe>', 0, 'Bhandardara is 27 km from the accommodation, while...', 0, '★★★★★', 0, 5089, 'https://www.booking.com/hotel/in/the-resort.en-gb.html?aid=378266;label=bdot-Os1%2AaFx2GVFdW3rxGd0MYQS461499016018%3Apl%3Ata%3Ap1%3Ap22%2C563%2C000%3Aac%3Aap%3Aneg%3Afi%3Atikwd-334108349%3Alp9062209%3Ali%3Adec%3Adm%3Appccp%3DUmFuZG9tSVYkc2RlIyh9YYriJK-Ikd_dLBPOo0BdMww;sid=79954ed21721806cada00d8de4c607d8;all_sr_blocks=42048701_248111845_2_42_0;checkin=2022-04-20;checkout=2022-04-21;dist=0;group_adults=2;group_children=0;hapos=1;highlighted_blocks=42048701_248111845_2_42_0;hpos=1;matching_block_id=42048701_248111845_2_42_0;no_rooms=1;req_adults=2;req_children=0;room1=A%2CA;sb_price_type=total;sr_order=distance_from_search;sr_pri_blocks=42048701_248111845_2_42_0__508900;srepoch=1647094918;srpvid=c8046502fce804b9;type=total;ucfs=1&#hotelTmpl', 6000, NULL, 0, 'eaturing air-conditioned accommodation with a balcony, Ganesh Maskare is set in Madh. This farm stay features a garden and free private parking.  The farm stay is fitted with a flat-screen TV. Towels and bed linen are featured in the farm stay.  A continental breakfast is available every morning at the farm stay.  A terrace is available for guests at Ganesh Maskare to use.', 'Excellent', 5, '★★★★★', '★★★★', '★★★★★', '★★★★'),
(12, 5, 'Holiday Inn Mumbai International Airport, an IHG Hotel', 'Sakinaka Junction, Andheri - Kurla Rd, Andheri East, Mumbai, Maharashtra 400072', '<iframe src=\"https://www.google.com/maps/embed?pb=!1m18!1m12!1m3!1d3770.1080330350533!2d72.88500491482245!3d19.10291598707244!2m3!1f0!2f0!3f0!3m2!1i1024!2i768!4f13.1!3m3!1m2!1s0x3be7c864458ec815%3A0xbd2a3b14d480af!2sHoliday%20Inn%20Mumbai%20International%20Airport%2C%20an%20IHG%20Hotel!5e0!3m2!1sen!2sin!4v1648281999342!5m2!1sen!2sin\" width=\"600\" height=\"450\" style=\"border:0;\" allowfullscreen=\"\" loading=\"lazy\" referrerpolicy=\"no-referrer-when-downgrade\"></iframe>', 0, 'The hotel is just 1.2 km from Chattrapathi Shivaji...', 0, '★★★★', 0, 7623, 'https://www.booking.com/hotel/in/holiday-inn-mumbai-international-airport.en-gb.html?aid=378266;label=bdot-Os1%2AaFx2GVFdW3rxGd0MYQS461499016018%3Apl%3Ata%3Ap1%3Ap22%2C563%2C000%3Aac%3Aap%3Aneg%3Afi%3Atikwd-334108349%3Alp9062209%3Ali%3Adec%3Adm%3Appccp%3DUmFuZG9tSVYkc2RlIyh9YYriJK-Ikd_dLBPOo0BdMww;sid=79954ed21721806cada00d8de4c607d8;all_sr_blocks=24246014_328517062_2_42_0;checkin=2022-04-20;checkout=2022-04-21;dest_id=242460;dest_type=hotel;dist=0;group_adults=2;group_children=0;hapos=1;highlighted_blocks=24246014_328517062_2_42_0;hpos=1;matching_block_id=24246014_328517062_2_42_0;no_rooms=1;req_adults=2;req_children=0;room1=A%2CA;sb_price_type=total;sr_order=popularity;sr_pri_blocks=24246014_328517062_2_42_0__762300;srepoch=1647095151;srpvid=706e6576d9ba0271;type=total;ucfs=1&#hotelTmpl', 6217, 'https://www.trip.com/hotels/mumbai-hotel-detail-2145854/holiday-inn-mumbai-international-airport-an-ihg-hotel/?cityId=724&checkIn=2022-04-19&checkOut=2022-04-20&adult=1&children=0&crn=1&ages=&travelpurpose=0&curr=USD&link=title&hoteluniquekey=H4sIAAAAAAAAAONayMTFK8Fo8B8GGIWYOBilupk4NvZtn8gixGho8JzVotfPkQEEOBocPMGMD40OATyTGCU5wTyR3Q6CIuvcH1ZJ7nBwYuXoZJdgmsG4708T4wpGxo2MYCUNfg47GBlPMAYuYDo_7z37LiaIskNMLByJEkynmBguMTHcYmJ4xMTwionhExPDL6iCJmaGLmaGScxgZbOYGRYxM5xiAXMuscREVytlp1YqWZnoKJVkluSkKlkpuefnpxQrxJQaGBiZKQSnFpVlJqcWK4QkVijpKCXm5pfmlQAVWeqZGwD5JYkVnilKVkamOkrJiTnJpTmJJakhlQVAY8xqY2-xMDxiYYqO_cTCIMQKDgspBcs08zQDs1QjYzMzY5NUi0RLS3OjRPNkMyMzg9QUM1NTBW6NTbc2TWQzEj_FKGJoZmJuYGliYGpmbG6mZ1xSlZadYsUsxejmwRjEZmJiaG5gECXDxezpFyT4ZG9W6iH9rfZSzKHBLorTFPtKC6MlHZJYU_N0IyIytnAWMHYxsgkwejBGMK5iZAAA7rHDPLMBAAA&barcurr=USD', 0, 'Each room is equipped with an ergonomic chair, a minibar and tea/coffee making facilities. Its en suite bathrooms offer luxurious rain showers and environment-friendly toiletries. 24-hour room service is available.  Guests can exercise at the gym, rejuvenate in the spa, or enjoy a gathering with friends at the open-air Sky Terrace. Other facilities include a business centre and an executive lounge. Currency exchange and car rental services are available.  International dishes are prepared at the all-day Saptami Restaurant’s live cooking stations, while Saptami Express offers fresh deli items. Evening cocktails can be enjoyed at the chic 72 lounge bar.  Holiday Inn Mumbai International Airport, an IHG Hotel has been welcoming Booking.com guests since 12 May 2010.', 'Excellent', 5, '★★★★★', '★★★★', '★★★★★', '★★★★'),
(13, 5, 'Novotel Mumbai Juhu Beach', 'Balraj Sahani Marg, Juhu Beach, Juhu, Mumbai, Maharashtra 400049', '<iframe src=\"https://www.google.com/maps/embed?pb=!1m18!1m12!1m3!1d3769.9756373385135!2d72.8221495148225!3d19.108724687069074!2m3!1f0!2f0!3f0!3m2!1i1024!2i768!4f13.1!3m3!1m2!1s0x3be7c99824616e79%3A0xa01db96507bcb46!2sNovotel%20Mumbai%20Juhu%20Beach!5e0!3m2!1sen!2sin!4v1648281955878!5m2!1sen!2sin\" width=\"600\" height=\"450\" style=\"border:0;\" allowfullscreen=\"\" loading=\"lazy\" referrerpolicy=\"no-referrer-when-downgrade\"></iframe>', 0, 'Situated 5.1 km from Chhatrapati Shivaji Airport a...', 0, '★★★★★', 0, 8000, 'https://www.booking.com/hotel/in/novotel-mumbai-juhu-beach.en-gb.html?aid=378266;label=bdot-Os1%2AaFx2GVFdW3rxGd0MYQS461499016018%3Apl%3Ata%3Ap1%3Ap22%2C563%2C000%3Aac%3Aap%3Aneg%3Afi%3Atikwd-334108349%3Alp9062209%3Ali%3Adec%3Adm%3Appccp%3DUmFuZG9tSVYkc2RlIyh9YYriJK-Ikd_dLBPOo0BdMww;sid=79954ed21721806cada00d8de4c607d8;all_sr_blocks=19160509_95454962_3_0_0;checkin=2022-04-20;checkout=2022-04-21;dest_id=191605;dest_type=hotel;dist=0;group_adults=2;group_children=0;hapos=1;highlighted_blocks=19160509_95454962_3_0_0;hpos=1;matching_block_id=19160509_95454962_3_0_0;no_rooms=1;req_adults=2;req_children=0;room1=A%2CA;sb_price_type=total;sr_order=popularity;sr_pri_blocks=19160509_95454962_3_0_0__800000;srepoch=1647095266;srpvid=1da165b0029f00d7;type=total;ucfs=1&#hotelTmpl', 6908, 'https://www.trip.com/hotels/mumbai-hotel-detail-2196288/novotel-mumbai-juhu-beach/?cityId=724&checkIn=2022-04-19&checkOut=2022-04-20&adult=1&children=0&crn=1&ages=&travelpurpose=0&curr=USD&link=title&hoteluniquekey=H4sIAAAAAAAAAONay8TFK8Fo8B8GGIWYOBilpjNxXO8_dItZiNPSxNLcwsjMwMhgM6PFRElHBhB40ejgCWYotDoE8ExilOSE8QTBDIZmBydWjhXBEiwzGA-0tTGuYGTcyAiWOBDpsIOR6QRj1AKmmz-XMu5igig7BKRv80iwnGJiuMTEcIuJ4RETwysmhk9MDL-gKpqYGbqYGSYxQ9TNYmZYxMxwigXCu8QSG12tlJ1aqWRloqNUklmSk6pkpeSen59SrBBTamBgZKYQnFpUlpmcWqwQklihpKOUmJtfmlcCVGRopmdkDhQoSazwTFGyMjLVUUpOzEkuzUksSQ2pLACaY1Ybe4uF4RELU3TsJxYGIVZwuEgpGBglpZiZGCcaG6cYmpiaGyVZWqZYmqWmWhoZGBsaJFkocGusvr1pIpuR-ClGEUMzE3MDSxMDUzNjczM945KqtOwUK2YpRjcPxiA2N0MDc2PjKBkuZme_SGj4fbCXYg4NdlGcpthXWhgt6ZDEmpqnGxGRsYWzgLGLkU2A0YMxgnEVIwMAF9O2LL8BAAA&barcurr=USD', 0, 'The air-conditioned rooms are equipped with a cable/satellite TV, minibar and personal safe. En suite bathrooms come with shower facilities.  Other facilities include currency exchange and a tour desk.  Guests can enjoy a drink at Gadda Da Vida, with a view of the sea. They can enjoy a wide spread buffet or a la carte options at The Square, All day dining restaurant. Sampan is the legendary fine dining restaurant, located at the lobby level, serving delicious Chinese cuisine by chef Penpa or savour Italian delights at Olio. The property also boasts a French Patisserie - Peche Mignon serving light bites and beverages through the day. Bageecha is the seasonal open air Indian restaurant by the sea side.', 'Excellent', 3, '★★★★★', '★★★★', '★★★★★', '★★★★'),
(14, 5, 'Sea Green Hotel', '145, Marine Dr, next to Pizza by the Bay, Mumbai, Maharashtra 400020', '<iframe src=\"https://www.google.com/maps/embed?pb=!1m18!1m12!1m3!1d3773.9668933231583!2d72.82148301481966!3d18.93285948717018!2m3!1f0!2f0!3f0!3m2!1i1024!2i768!4f13.1!3m3!1m2!1s0x3be7d1e65ceae905%3A0x9d22afb15cfb6853!2sSea%20Green%20Hotel!5e0!3m2!1sen!2sin!4v1648281930001!5m2!1sen!2sin\" width=\"600\" height=\"450\" style=\"border:0;\" allowfullscreen=\"\" loading=\"lazy\" referrerpolicy=\"no-referrer-when-downgrade\"></iframe>', 0, 'Chhatrapati Shivaji International Airport is about...', 0, '★★★★★', 0, 5415, 'https://www.booking.com/hotel/in/sea-green.en-gb.html?label=bdot-Os1*aFx2GVFdW3rxGd0MYQS461499016018%3Apl%3Ata%3Ap1%3Ap22%2C563%2C000%3Aac%3Aap%3Aneg%3Afi%3Atikwd-334108349%3Alp9062209%3Ali%3Adec%3Adm%3Appccp%3DUmFuZG9tSVYkc2RlIyh9YYriJK-Ikd_dLBPOo0BdMww&sid=79954ed21721806cada00d8de4c607d8&aid=378266&ucfs=1&arphpl=1&checkin=2022-04-20&checkout=2022-04-21&dest_id=334851&dest_type=hotel&group_adults=2&req_adults=2&no_rooms=1&group_children=0&req_children=0&hpos=1&hapos=1&sr_order=popularity&srpvid=77b465ca9c3500df&srepoch=1647095319&all_sr_blocks=33485104_249341926_2_1_0&highlighted_blocks=33485104_249341926_2_1_0&matching_block_id=33485104_249341926_2_1_0&sr_pri_blocks=33485104_249341926_2_1_0__541455&from=searchresults#hotelTmpl', 5526, 'https://www.trip.com/hotels/mumbai-hotel-detail-762789/sea-green-hotel/?cityId=724&checkIn=2022-04-19&checkOut=2022-04-20&adult=1&children=0&crn=1&ages=&travelpurpose=0&curr=USD&link=title&hoteluniquekey=H4sIAAAAAAAAAONaxsTFK8Fo8B8GGIWYOBilJjBxvNvUNJlFiNHQ4DmrRa-fIwMIFNQ4eIIZF-odAngmMUpygnn_tjsIVousc0-M2urgxMpxyU6CZQbj0uN6KxgZNzKCVTB4O-xgZDzAyHiC0WMB081579l3MbFyXAYqPASkb7NJsJxiYrjExHCLieERE8MrJoZPTAy_oCqamBm6mBkmMUPUzWJmWMTMcIoFwrvEEhNdrZSdWqlkZaKjVJJZkpOqZKXknp-fUqwQU2pgYGSmEJxaVJaZnFqsEJJYoaSjlJibX5pXAlRkoWdqCeSXJFZ4pihZGZnqKCUn5iSX5iSWpIZUFgCNsaiNvcXC8IiFKTr2EwuDECs4QKQUEk2TDFNSUs0sklONTIxMUiwNEi3TTEwTLSzNjRNNDY0VuDXO39k0kc1I_BSjiKGZibmBpYmBqZmxuZmecUlVWnaKFbMUo5sHYxCboZmxoaN5lAwXs6dfkOCTvVmph_S32ksxhwa7KE5T7CstjJZ0SGJNzdONiMjYwlnA2MXIJsDowRjBuIqRAQAoK-vzuAEAAA&barcurr=USD', 0, 'Located on Marine Drive in South Mumbai, overlooking the Arabian Sea, Sea Green Hotel offers air-conditioned guest rooms with private balconies.  Guest rooms are fitted with a fridge, a personal safe and a flat screen TV with satellite channels. The en suite bathroom comes with toiletries and hot shower facilities. Some rooms come with sea views. Complimentary WiFi is available throughout the hotel.', 'Very Good', 5, '★★★★★', '★★★★', '★★★★★', '★★★★'),
(15, 5, 'iStay Hotels MIDC', 'AML Centre-2, 4th, Mahal Industrial Estate Off Mahakali Caves Road Near Shantinagar Bus Stop, Andheri East Mumbai Maharashtra 400093 IN, PAPPER BOX Rd, Gundavali, Andheri East, Mumbai, Maharashtra 400053', '<iframe src=\"https://www.google.com/maps/embed?pb=!1m18!1m12!1m3!1d3769.701790637053!2d72.86090521482264!3d19.120733987062213!2m3!1f0!2f0!3f0!3m2!1i1024!2i768!4f13.1!3m3!1m2!1s0x3be7c820b152c121%3A0xad53123cebafe109!2siStay%20Hotels%20MIDC%20Andheri!5e0!3m2!1sen!2sin!4v1648281894591!5m2!1sen!2sin\" width=\"600\" height=\"450\" style=\"border:0;\" allowfullscreen=\"\" loading=\"lazy\" referrerpolicy=\"no-referrer-when-downgrade\"></iframe>', 0, 'Located just 2.7 km from Chhatrapati Shivaji Inter...', 0, '★★★', 0, 2085, 'https://www.booking.com/hotel/in/travellers-inn-mumbai.en-gb.html?label=bdot-Os1*aFx2GVFdW3rxGd0MYQS461499016018%3Apl%3Ata%3Ap1%3Ap22%2C563%2C000%3Aac%3Aap%3Aneg%3Afi%3Atikwd-334108349%3Alp9062209%3Ali%3Adec%3Adm%3Appccp%3DUmFuZG9tSVYkc2RlIyh9YYriJK-Ikd_dLBPOo0BdMww&sid=79954ed21721806cada00d8de4c607d8&aid=378266&ucfs=1&arphpl=1&checkin=2022-04-20&checkout=2022-04-21&dest_id=1146852&dest_type=hotel&group_adults=2&req_adults=2&no_rooms=1&group_children=0&req_children=0&hpos=1&hapos=1&sr_order=popularity&srpvid=76b6660901470137&srepoch=1647095445&all_sr_blocks=114685202_199012193_0_2_0&highlighted_blocks=114685202_199012193_0_2_0&matching_block_id=114685202_199012193_0_2_0&sr_pri_blocks=114685202_199012193_0_2_0__208500&from=searchresults#hotelTmpl', 3417, 'https://www.trip.com/hotels/mumbai-hotel-detail-4042857/istay-hotels-andheri-midc/?cityId=724&checkIn=2022-04-19&checkOut=2022-04-20&adult=1&children=0&crn=1&ages=&travelpurpose=0&curr=USD&link=title&hoteluniquekey=H4sIAAAAAAAAAONawsTFK8Fo8B8GGIWYOBil-pg4Lrx_Po9ZiNHQYAe_RV-2IwMIKBQ4eIIZAkUOATyTGCU5H1aJrHM_6OYgWA2kH1a5ODixchxXlmCZwfjywTfGFYyMGxnBGhjsHXYwMp5g1FzA1LiiSXYXE0TZISD9glmC5RQTwyUmhltMDI-YGF4xMXxiYvgFVdHEzNDFzDCJGaJuFjPDImaGUywQ3iWWmOhqpezUSiUrEx2lksySnFQlKyX3_PyUYoWYUgMDIzOF4NSisszk1GKFkMQKJR2lxNz80rwSoCITPQsLIL8kscIzRcnKyFRHKTkxJ7k0J7EkNaSyAGiMRW3sLRaGRyxM0bGfWBiEWMHBIaWQbGmYlpKSZm5oZpBqkpZkmGhkYmmRbJyalmpmYWqSnKrArXHp7qaJbEbipxhFDM1MzA0sTQxMzYzNzfSMS6rSslOsmKUY3TwYg9gszIxMzV2jZLiYQ4NdBKcp9pUWRks6SIF4ijBeEmtqnm5ERMYWzgLGLkY2AUYPxgjGVYwMAEVbAAa2AQAA&barcurr=USD', 0, 'Each room here will provide you with a TV and cable channels. Extras include bed linen and a fan.  At Istay Hotels Andheri MIDC you will find laundry with dry cleaning service. The property offers free parking.  The hotel is 3.4 km from the Mumbai Domestic Terminal and 3.5 km from the Bombay Exhibition Centre. Andheri Railway Station is 2.5 km away.  Room service is available for limited number of hours and can be requested for private dining comforts.', 'Excellent', 5, '★★★★★', '★★★★', '★★★★★', '★★★★'),
(16, 5, 'Radisson Blu Mumbai International Airport', 'Metro Station, Marol Maroshi Rd, near Marol, Bori Colony, Gamdevi, Marol, Andheri East, Mumbai, Maharashtra 400059', '<iframe src=\"https://www.google.com/maps/embed?pb=!1m18!1m12!1m3!1d3769.94149905488!2d72.87643341482253!3d19.110222187068263!2m3!1f0!2f0!3f0!3m2!1i1024!2i768!4f13.1!3m3!1m2!1s0x3be7c96695597801%3A0x8b9d421864a08a96!2sRadisson%20Blu%20Mumbai%20International%20Airport!5e0!3m2!1sen!2sin!4v1648281849344!5m2!1sen!2sin\" width=\"600\" height=\"450\" style=\"border:0;\" allowfullscreen=\"\" loading=\"lazy\" referrerpolicy=\"no-referrer-when-downgrade\"></iframe>', 0, 'a fitness centre and a shared lounge. 3.3 km from Powai Lake and 3.4 km from Mumbai Domestic Terminal 1,', 0, '★★★★★', 0, 8000, 'https://www.booking.com/hotel/in/radisson-blu-mumbai-international-airport.en-gb.html?aid=378266;label=bdot-Os1%2AaFx2GVFdW3rxGd0MYQS461499016018%3Apl%3Ata%3Ap1%3Ap22%2C563%2C000%3Aac%3Aap%3Aneg%3Afi%3Atikwd-334108349%3Alp9062209%3Ali%3Adec%3Adm%3Appccp%3DUmFuZG9tSVYkc2RlIyh9YYriJK-Ikd_dLBPOo0BdMww;sid=79954ed21721806cada00d8de4c607d8;all_sr_blocks=683218601_287965002_2_42_0;checkin=2022-04-20;checkout=2022-04-21;dest_id=6832186;dest_type=hotel;dist=0;group_adults=2;group_children=0;hapos=1;highlighted_blocks=683218601_287965002_2_42_0;hpos=1;matching_block_id=683218601_287965002_2_42_0;no_rooms=1;req_adults=2;req_children=0;room1=A%2CA;sb_price_type=total;sr_order=popularity;sr_pri_blocks=683218601_287965002_2_42_0__800000;srepoch=1647095563;srpvid=6d71664261bb0192;type=total;ucfs=1&#hotelTmpl', 6447, 'https://www.trip.com/hotels/mumbai-hotel-detail-68033986/radisson-blu-mumbai-international-airport/?cityId=724&checkIn=2022-04-19&checkOut=2022-04-20&adult=1&children=0&crn=1&ages=&travelpurpose=0&curr=USD&link=title&hoteluniquekey=H4sIAAAAAAAAAOOazMTFK8Fo8B8GGIWYOBil_jJyvNmzr5FFiNHI4D6jxVZ5RwYQmNDg4AlhNDkE8ExilORsfR24Qy413EFwhxyQuSLEwYmVo89TgmUG46HdOxQ2MoJVMwQ47GBkOsEYsoBp_f4TCruYIGoOAelX7BIsp5gYLjEx3GJieMTE8IqJ4RMTwy-oiiZmhi5mhknMEHWzmBkWMTOcYoHwLrH4RVcrZadWKlmZ6CiVZJbkpCpZKQWnFpVlJqcqpKWmKukoJebml-aVAIUNDfQMjIACJYkVnilKVgY6SsmJOcmlOYklqSGVBUCNBrWxt1gYHrEwRcd-YmEQYgX7Xkoh2dzYwtIy2STZ0tjSJNHU3NLIJNUkxdTUzCjZwiI51UKBW2P-vU0T2YzETzGKGJqZmBtYmhiYmhmbm-kZl1SlZadYMUsxunkwBrG5uRmaGjtGyXAxhwa7CE5T7CstjJZ0kALxFGG8JNbUPN2IiIwtnAWMXYxsAowejBGMqxjZuZgNjAwFmAD1FbwKrAEAAA&barcurr=USD', 0, 'Guest rooms are equipped with air conditioning, a flat-screen TV with cable channels, a kettle, a shower, slippers and a wardrobe. At the hotel each room includes a private bathroom with a hairdryer and free toiletries.  Radisson Blu Mumbai International Airport offers a continental or American breakfast.  The accommodation also offers a car rental service and a business centre with free WiFi throughout the property.  Indian Institute of Technology, Bombay is 5 km from Radisson Blu Mumbai International Airport, while Bombay Exhibition Centre is 5 km away. The nearest airport is Chhatrapati Shivaji International Mumbai, 1 km from the hotel, and the property offers a paid airport shuttle service.', 'Excellent', 5, '★★★★★', '★★★★', '★★★★★', '★★★★'),
(17, 1, 'Welcomhotel by ITC Hotel', '46, Richmond Rd, Victoria Layout, Bengaluru, Karnataka 560025\r\n', '<iframe src=\"https://www.google.com/maps/embed?pb=!1m18!1m12!1m3!1d3888.0475467427696!2d77.61230471482195!3d12.96880939085774!2m3!1f0!2f0!3f0!3m2!1i1024!2i768!4f13.1!3m3!1m2!1s0x3bae168210251fdf%3A0xc66dd8a58a2f9346!2sWelcomhotel%20by%20ITC%20Hotels%2C%20Richmond%20Road%2C%20Bengaluru!5e0!3m2!1sen!2sin!4v1648279730667!5m2!1sen!2sin\" width=\"600\" height=\"450\" style=\"border:0;\" allowfullscreen=\"\" loading=\"lazy\" referrerpolicy=\"no-referrer-when-downgrade\"></iframe>', 0, '10 min from bengaluru station', 0, '★★★', 0, 28000, 'https://www.booking.com/hotel/in/fortune-the-savoy.en-gb.html?label=bdot-Os1*aFx2GVFdW3rxGd0MYQS461499016018%3Apl%3Ata%3Ap1%3Ap22%2C563%2C000%3Aac%3Aap%3Aneg%3Afi%3Atikwd-334108349%3Alp9062209%3Ali%3Adec%3Adm%3Appccp%3DUmFuZG9tSVYkc2RlIyh9YYriJK-Ikd_dLBPOo0BdMww&sid=79954ed21721806cada00d8de4c607d8&aid=378266&ucfs=1&arphpl=1&checkin=2022-04-20&checkout=2022-04-21&dest_id=554596&dest_type=hotel&group_adults=2&req_adults=2&no_rooms=1&group_children=0&req_children=0&hpos=1&hapos=1&sr_order=popularity&srpvid=23826719bbef0025&srepoch=1647095989&all_sr_blocks=55459602_333088562_2_41_0&highlighted_blocks=55459602_333088562_2_41_0&matching_block_id=55459602_333088562_2_41_0&sr_pri_blocks=55459602_333088562_2_41_0__2800000&from_sustainable_property_sr=1&from=searchresults#hotelTmpl', 29000, NULL, 0, 'Welcomhotel by ITC Hotels, Tavleen, Chail has a restaurant, outdoor swimming pool, a fitness centre and bar in Chail. Featuring a garden, the 5-star hotel has air-conditioned rooms with free WiFi. The accommodation features a 24-hour front desk, room service and currency exchange for guests.  The rooms at the hotel are fitted with a seating area. All rooms will provide guests with a desk and a coffee machine.', 'Excellent', 5, '★★★★★', '★★★★', '★★★★★', '★★★★'),
(18, 1, 'Fairfield by Marriott Bengaluru Rajajinagar', '59th C Cross, 4th M Block, Rajajinagar, Bengaluru, Karnataka 560010', '<iframe src=\"https://www.google.com/maps/embed?pb=!1m18!1m12!1m3!1d3887.8241976854774!2d77.55715061474046!3d12.983093590848299!2m3!1f0!2f0!3f0!3m2!1i1024!2i768!4f13.1!3m3!1m2!1s0x3bae3df5b561d049%3A0x9da8f881a0c91f87!2sFairfield%20by%20Marriott%20Bengaluru%20Rajajinagar!5e0!3m2!1sen!2sin!4v1648279792583!5m2!1sen!2sin\" width=\"600\" height=\"450\" style=\"border:0;\" allowfullscreen=\"\" loading=\"lazy\" referrerpolicy=\"no-referrer-when-downgrade\"></iframe>', 0, 'The Majestic Bus Station is 2 km away while Bangal...', 0, '★★★★', 0, 4600, 'https://www.booking.com/hotel/in/fairfield-by-marriott-bengaluru-rajajinagar.en-gb.html?aid=378266;label=bdot-Os1%2AaFx2GVFdW3rxGd0MYQS461499016018%3Apl%3Ata%3Ap1%3Ap22%2C563%2C000%3Aac%3Aap%3Aneg%3Afi%3Atikwd-334108349%3Alp9062209%3Ali%3Adec%3Adm%3Appccp%3DUmFuZG9tSVYkc2RlIyh9YYriJK-Ikd_dLBPOo0BdMww;sid=79954ed21721806cada00d8de4c607d8;all_sr_blocks=70632014_246431989_2_42_0;checkin=2022-04-20;checkout=2022-04-21;dest_id=706320;dest_type=hotel;dist=0;group_adults=2;group_children=0;hapos=1;highlighted_blocks=70632014_246431989_2_42_0;hpos=1;matching_block_id=70632014_246431989_2_42_0;no_rooms=1;req_adults=2;req_children=0;room1=A%2CA;sb_price_type=total;sr_order=popularity;sr_pri_blocks=70632014_246431989_2_42_0__460000;srepoch=1647096135;srpvid=8f826763d7aa0126;type=total;ucfs=1&#hotelTmpl', 4650, 'https://www.trip.com/hotels/bangalore-hotel-detail-2198708/fairfield-by-marriott-bengaluru-rajajinagar/?cityId=1355&checkIn=2022-04-19&checkOut=2022-04-20&adult=1&children=0&crn=1&ages=&travelpurpose=0&curr=USD&link=title&hoteluniquekey=H4sIAAAAAAAAAONaxMTFK8Fo8B8GGIWYOBilepg43r2a8YVZiNHIgNPik6AjAwhcKHfwBDM2VDkE8ExilOQE8xS2OAiCGSGbHJxYOY6ZSLDMYNwys41xBSPjRkawDIO7ww5GphOMNguYLt_Q2MUEUXUISF9klWA5xcRwiYnhFhPDIyaGV0wMn5gYfkFVNDEzdDEzTGKGqJvFzLCImeEUC4R3iSUmulopO7VSycpER6kksyQnVclKyT0_P6VYIabUwMDITCE4tagsMzm1WCEksUJJRykxN780rwSoyFzPyBDIL0ms8ExRsjIy1VFKTsxJLs1JLEkNqSwAGmNRG3uLheERC1N07CcWBiFWcGBIKSQapBgnGRumWBoaGJsYWxpbJJubWJqkGFqaGqSZWRobKnBrtDzeNJHNSPwUo4ihmYm5gaWJgamZsbmZnnFJVVp2ihWzFKObB2MQm4GjpaGhU5QMF7OnX5Dgk71ZqYf0t9pLMYcGuyhOU-wrLYyWdEhiTc3TjYjI2MJZwNjFyCbA6MEYwbiKkQEA7ruVnLQBAAA&barcurr=USD', 0, 'Overlooking the garden, each air-conditioned room is equipped with a minibar, seating area and flat-screen satellite TV. The private bathroom includes shower.  The 24-hour reception provides services like luggage storage, safety deposit and laundry. Special facilities are provided for disabled guests. Valet parking facility is available.  The on-site restaurant and bar, Kava serves Indian, Continental and refreshing beverages. Room service is available for private dining.', 'Excellent', 5, '★★★★★', '★★★★', '★★★★★', '★★★★'),
(19, 1, 'Taj MG Road, Bengaluru', '41/3, Mahatma Gandhi Rd, Yellappa Garden, Yellappa Chetty Layout, Sivanchetti Gardens, Bengaluru, Karnataka 560001', '<iframe src=\"https://www.google.com/maps/embed?pb=!1m18!1m12!1m3!1d3887.9772291633926!2d77.61748011474027!3d12.97330819085475!2m3!1f0!2f0!3f0!3m2!1i1024!2i768!4f13.1!3m3!1m2!1s0x3bae1686b281d2a3%3A0xfe17a276bcf050c5!2sTaj%20MG%20Road%2C%20Bengaluru!5e0!3m2!1sen!2sin!4v1648279834932!5m2!1sen!2sin\" width=\"600\" height=\"450\" style=\"border:0;\" allowfullscreen=\"\" loading=\"lazy\" referrerpolicy=\"no-referrer-when-downgrade\"></iframe>', 0, 'Taj MG Road Bengaluru is a 5-minute walk from Garu...', 0, '★★★★★', 0, 10000, 'https://www.booking.com/hotel/in/taj-residency-bangalore.en-gb.html?aid=378266;label=bdot-Os1%2AaFx2GVFdW3rxGd0MYQS461499016018%3Apl%3Ata%3Ap1%3Ap22%2C563%2C000%3Aac%3Aap%3Aneg%3Afi%3Atikwd-334108349%3Alp9062209%3Ali%3Adec%3Adm%3Appccp%3DUmFuZG9tSVYkc2RlIyh9YYriJK-Ikd_dLBPOo0BdMww;sid=79954ed21721806cada00d8de4c607d8;all_sr_blocks=7473902_256458695_2_2_0;checkin=2022-04-20;checkout=2022-04-21;dest_id=74739;dest_type=hotel;dist=0;group_adults=2;group_children=0;hapos=1;highlighted_blocks=7473902_256458695_2_2_0;hpos=1;matching_block_id=7473902_256458695_2_2_0;no_rooms=1;req_adults=2;req_children=0;room1=A%2CA;sb_price_type=total;sr_order=popularity;sr_pri_blocks=7473902_256458695_2_2_0__1000000;srepoch=1647096255;srpvid=f49a679eb3850075;type=total;ucfs=1&#hotelTmpl', 7906, 'https://www.trip.com/hotels/bangalore-hotel-detail-763886/taj-mg-road-bengaluru/?cityId=1355&checkIn=2022-04-19&checkOut=2022-04-20&adult=1&children=0&crn=1&ages=&travelpurpose=0&curr=USD&link=title&hoteluniquekey=H4sIAAAAAAAAAONaycTFK8Fo8B8GGIWYOBilJjNxzH_fepVRiNPI0sTQwNzAwNBgDaPFSglHBhAoaHHwBDMUOhwCeCYxSnJyXV9cYJsV5yDYf-irRkx8tIMTK0dbvATLDMZ35_U2MoIVN8Q67GBkPMGYvoDpzfFpjLuYIEoOAekDfBIsp5gYLjEx3GJieMTE8IqJ4RMTwy-oiiZmhi5mhknMEHWzmBkWMTOcYoHwLrHERlcrZadWKlmZ6CiVZJbkpCpZKbnn56cUK8SUGhgYmSkEpxaVZSanFiuEJFYo6Sgl5uaX5pUAFRla6JmaAQVKEis8U5SsjEx1lJITc5JLcxJLUkMqC4DmWNTG3mJheMTCFB37iYVBiBUcJlIKxqnGKSaGhkYmSUYmJpYmiZaWyeaGFuapiYmGKSkGpmkK3BpvH2-ayGYkfopRxNDMxNzA0sTA1MzY3EzPuKQqLTvFilmK0c2DMYjNxc3JyNklSoaLOTTYRXCaYl9pYbSkgxSIpwjjJbGm5ulGRGRs4Sxg7GJkE2D0YIxgXMXIzsVsYGgowAgAkYWl98IBAAA&barcurr=USD', 0, 'Each room is spacious and luxuriously appointed with fine beddings and furnishings. They are fitted with a flat-screen TV, a safe and tea/coffee maker. They have ample work space, living areas and a large bathroom with a bathtub.  Guests can relax on the many lounge chairs located around the swimming pool, or work out at the well-equipped fitness centre. For an afternoon of pampering, visit the beauty parlour or barber shop.  Memories of China offers its signature Peking Duck dish. The Trinity Square is the multi-cusiine restaurant while Sugar & Spice is excellent for tea and pastries.  This is our guests\' favourite part of Bangalore, according to independent reviews.', 'Excellent', 5, '★★★★★', '★★★★', '★★★★★', '★★★★'),
(20, 1, 'Savoury Business Hotel', '84, Hosur Rd, near Federal Bank ATM, Zuzuvadi, Madiwala, 1st Stage, BTM Layout, Bengaluru, Karnataka 560068', '<iframe src=\"https://www.google.com/maps/embed?pb=!1m18!1m12!1m3!1d3888.714508342898!2d77.6146709147398!3d12.926061790885761!2m3!1f0!2f0!3f0!3m2!1i1024!2i768!4f13.1!3m3!1m2!1s0x3bae145707cf6007%3A0xbf1db10b276acfee!2sSavoury%20Business%20Hotel!5e0!3m2!1sen!2sin!4v1648279864719!5m2!1sen!2sin\" width=\"600\" height=\"450\" style=\"border:0;\" allowfullscreen=\"\" loading=\"lazy\" referrerpolicy=\"no-referrer-when-downgrade\"></iframe>', 0, 'Set in Bangalore, within 1.1 km of Forum Mall, Kor...', 0, '★★★★', 0, 1400, NULL, 1381, 'https://www.trip.com/hotels/bangalore-hotel-detail-9025750/savoury-business-hotel/?cityId=1355&checkIn=2022-04-19&checkOut=2022-04-20&adult=1&children=0&crn=1&ages=&travelpurpose=0&curr=USD&link=title&hoteluniquekey=H4sIAAAAAAAAAONawsTFK8Fo8B8GGIWYOBil-pg4tm4-3cEixGho8JzVotfPkQEEHGIcPMGMA_EOATyTGCU5wbwz0x0Eq0XWuT_UnergxMpxhF-CZQbjtY_LWFYwMm5kBCth0HHYwch4glFoAdO53X_YdzGxchwFKjsEpK8ySrCcYmK4xMRwi4nhERPDKyaGT0wMv6AqmpgZupgZJjFD1M1iZljEzHCKBcK7xBITXa2UnVqpZGWio1SSWZKTqmSl5J6fn1KsEFNqYGBkphCcWlSWmZxarBCSWKGko5SYm1-aVwJUZKRnaAzklyRWeKYoWRmZ6iglJ-Ykl-YklqSGVBYAjbGojb3FwvCIhSk69hMLgxArODikFBJTU5INTJPMTQxNDUwMjY0tzS3TjExMUk1TTQ0TzQ1MFbg1mp9umshmJH6KUcTQzMTcwNLEwNTM2NxMz7ikKi07xYpZitHNgzGIzcDVzdLUNUqGi9nTL0jwyd6s1EP6W-2lmEODXRSnKfaVFkZLOiSxpubpRkRkbOEsYOxiZBNg9GCMYFzFyAAAMwDkUrYBAAA&barcurr=USD', 0, 'Suites offers accommodation with a terrace and as well as free private parking for guests who drive. Among the facilities at this property are a 24-hour front desk and room service, along with free WiFi throughout the property. The hotel has family rooms.  At the hotel, the rooms come with a wardrobe.  Continental and à la carte breakfast options are available every morning at Treebo Trend Hotel Sahara Suites.  Chinnaswamy Stadium is 7 km from the accommodation, while Commercial Street is 7 km from the property. The nearest airport is Kempegowda International Airport, 41 km from Treebo Trend Hotel Sahara Suites.', 'Excellent', 4, '★★★★★', '★★★★', '★★★★★', '★★★★');
INSERT INTO `tblhotels` (`HotelID`, `CityID`, `HotelName`, `HotelAddress`, `HotelLocation`, `FreeBreakfast`, `DistanceDescription`, `RoomType`, `HotelStars`, `FreeCancellation`, `BookingComPrice`, `BookingComURL`, `TripComPrice`, `TripComURL`, `Status`, `HotelDetails`, `Filter_GuestRating`, `Filter_StarRating`, `Rating_of_HF`, `Rating_by_location`, `Rating_by_cleanliness`, `Rating_by_Service`) VALUES
(21, 1, 'Lords Eco Inn Jayanagar', '157,158 10th A Main Road, &, 6th Cross, behind E Zone, Jaya Nagar 1st Block, Jaya Nagar East, Jayanagar, Bengaluru, Karnataka 560011', '<iframe src=\"https://www.google.com/maps/embed?pb=!1m18!1m12!1m3!1d3888.506524687902!2d77.58390651473995!3d12.939406990877002!2m3!1f0!2f0!3f0!3m2!1i1024!2i768!4f13.1!3m3!1m2!1s0x3bae15bcbe7d0bd9%3A0x1be8b5860c6cb06b!2sLords%20Eco%20Inn%20Jayanagar!5e0!3m2!1sen!2sin!4v1648279998316!5m2!1sen!2sin\" width=\"600\" height=\"450\" style=\"border:0;\" allowfullscreen=\"\" loading=\"lazy\" referrerpolicy=\"no-referrer-when-downgrade\"></iframe>', 0, 'ayanagar is just 500 meters from Lalbagh Botanical...', 0, '★★', 0, 2600, NULL, 2533, 'https://www.trip.com/hotels/bangalore-hotel-detail-7401998/lords-eco-inn-jayanagar/?cityId=1355&checkIn=2022-04-19&checkOut=2022-04-20&adult=1&children=0&crn=1&ages=&travelpurpose=0&curr=USD&link=title&hoteluniquekey=H4sIAAAAAAAAAONayMTFK8Fo8B8GGIWYOBilupk4PvZN7WYRYjQyeM5q0evnyAACC7IcPMGMA7kOATyTGCU5wbyiZQ6CtlzXF3_4udjBiZVjuawEywzGvieHmTcyguUZLB12MDKdYFRcwLRi9x_2XUwQNYeA9CRmCZZTTAyXmBhuMTE8YmJ4xcTwiYnhF1RFEzNDFzPDJGaIulnMDIuYGU6xQHiXWGKiq5WyUyuVrEx0lEoyS3JSlayU3PPzU4oVYkoNDIzMFIJTi8oyk1OLFUISK5R0lBJz80vzSoCKTPQMjID8ksQKzxQlKyNTHaXkxJzk0pzEktSQygKgMRa1sbdYGB6xMEXHfmJhEGIFh4WUQrKJaZJJiomxWWqigYmlsWGSmWVimoFhsomRWaJJmpmpArfGu6ebJrIZiZ9iFDE0MzE3sDQxMDUzNjfTMy6pSstOsWKWYnTzYAxis7AwMzA0iJLhYvb0CxJ8sjcr9ZD-Vnsp5tBgF8Vpin2lhdGSDkmsqXm6EREZWzgLGLsY2QQYPRgjGFcxMgAA4ULfC7MBAAA&barcurr=USD', 0, 'Lords Eco Inn Jayanagar, Bengaluru Nestled in the heart of the city, Jayanagar is a residential and commercial hum also know for one of the oldest and posh localities in Bengaluru Lords Eco Inn, Jayanagar is just 500 meters from Lalbagh Botanical Garden and 4th block commercial area. It also close to major shopping and entertainment destinations. Hotel can cater upto 160 people for social gathering.', 'Excellent', 5, '★★★★★', '★★★★', '★★★★★', '★★★★'),
(22, 1, 'Hotel Chalukya', '44, Race Course Rd, High Grounds, Basaveshwara Circle, Bengaluru, Karnataka 560001', '<iframe src=\"https://www.google.com/maps/embed?pb=!1m18!1m12!1m3!1d3887.7996217652944!2d77.58560491474046!3d12.984664390847323!2m3!1f0!2f0!3f0!3m2!1i1024!2i768!4f13.1!3m3!1m2!1s0x3bae166b9d875de1%3A0x70374131d3f842c2!2sHotel%20Chalukya!5e0!3m2!1sen!2sin!4v1648280051069!5m2!1sen!2sin\" width=\"600\" height=\"450\" style=\"border:0;\" allowfullscreen=\"\" loading=\"lazy\" referrerpolicy=\"no-referrer-when-downgrade\"></iframe>', 0, 'Nearby landmarks such as Ragigudda Sri Prasanna An.', 0, '★★★', 0, 1900, NULL, 1842, 'https://www.trip.com/hotels/bangalore-hotel-detail-3485078/hotel-chalukya/?cityId=1355&checkIn=2022-04-19&checkOut=2022-04-20&adult=1&children=0&crn=1&ages=&travelpurpose=0&curr=USD&link=title&hoteluniquekey=H4sIAAAAAAAAAONayMTFK8Fo8B8GGIWYOBilupk4vnRe6mQRYjQ0eM5q0evnyAACDskOnmBGQ6pDAM8kRklOME9ngYOgMQicnOPgxMrRJyrBMoNx2u0rjCsYGTcygpUwGDnsYGQ8wSixgOng_j_su5hYOfqByg4xsXDISjCdYmK4xMRwi4nhERPDKyaGT0wMv6AKmpgZupgZJjGDlc1iZljEzHCKBcy5xBITXa2UnVqpZGWio1SSWZKTqmSl5J6fn1KsEFNqYGBkphCcWlSWmZxarBCSWKGko5SYm1-aVwJUZKRnaQDklyRWeKYoWRmZ6iglJ-Ykl-YklqSGVBYAjbGojb3FwvCIhSk69hMLgxArOCykFNKSLEwMLVLNLAwMDUxMjFOTzJLTUpLSUoySUwxNU5LMFbg1JjzfNJHNSPwUo4ihmYm5gaWJgamZsbmZnnFJVVp2ihWzFKObB2MQm5GppZurUZQMF7OnX5Dgk71ZqYf0t9pLMYcGuyhOU-wrLYyWdEhiTc3TjYjI2MJZwNjFyCbA6MEYwbiKkQEA6VBDqbMBAAA&barcurr=USD', 0, 'Hotel Chalukya offers guests an array of room amenities including air conditioning, and getting online is possible, as free wifi is available.  The hotel offers room service, to make your visit even more pleasant. The property also features free breakfast. Guests arriving by vehicle have access to free parking.  While in Bengaluru, you may want to check out some of the restaurants that are a short walk away from Hotel Chalukya, including Hard Rock Cafe (1.2 mi), Skyye Lounge (1.1 mi), and Ssaffron (0.6 mi).', 'Excellent', 5, '★★★★★', '★★★★', '★★★★★', '★★★★'),
(23, 1, 'ibis Bengaluru Outer Ring Road', 'ECOSPACE BUSINESS PARK, Marathahalli - Sarjapur Outer Ring Rd, opp. Rmz, Kariyammana Agrahara, Bellandur, Bengaluru, Karnataka 560103', '<iframe src=\"https://www.google.com/maps/embed?pb=!1m18!1m12!1m3!1d3888.657220591474!2d77.68091331473991!3d12.92973899088338!2m3!1f0!2f0!3f0!3m2!1i1024!2i768!4f13.1!3m3!1m2!1s0x3bae13a6c35ad863%3A0xd747d975720c7556!2sibis%20Bengaluru%20Outer%20Ring%20Road!5e0!3m2!1sen!2sin!4v1648280105107!5m2!1sen!2sin\" width=\"600\" height=\"450\" style=\"border:0;\" allowfullscreen=\"\" loading=\"lazy\" referrerpolicy=\"no-referrer-when-downgrade\"></iframe>', 0, '10 min from bus stop', 0, '★★★★', 0, 4500, 'https://www.booking.com/hotel/in/ibis-bangalore-techpark.en-gb.html?aid=378266;label=bdot-Os1%2AaFx2GVFdW3rxGd0MYQS461499016018%3Apl%3Ata%3Ap1%3Ap22%2C563%2C000%3Aac%3Aap%3Aneg%3Afi%3Atikwd-334108349%3Alp9062209%3Ali%3Adec%3Adm%3Appccp%3DUmFuZG9tSVYkc2RlIyh9YYriJK-Ikd_dLBPOo0BdMww;sid=79954ed21721806cada00d8de4c607d8;all_sr_blocks=28783701_94395540_2_42_0;checkin=2022-05-17;checkout=2022-05-18;dest_id=287837;dest_type=hotel;dist=0;group_adults=2;group_children=0;hapos=1;highlighted_blocks=28783701_94395540_2_42_0;hpos=1;matching_block_id=28783701_94395540_2_42_0;no_rooms=1;req_adults=2;req_children=0;room1=A%2CA;sb_price_type=total;sr_order=popularity;sr_pri_blocks=28783701_94395540_2_42_0__450000;srepoch=1647096807;srpvid=a87e68b2793702d4;type=total;ucfs=1&#hotelTmpl', 4452, 'https://www.trip.com/hotels/list?city=1355&countryId=107&checkin=2022/04/19&checkout=2022/04/20&barCurr=USD&optionId=2189674&optionType=Hotel&directSearch=0&optionName=Ibis%20Bengaluru%20Outer%20Ring%20Road&display=Ibis%20Bengaluru%20Outer%20Ring%20Road&crn=1&adult=1&children=0&searchBoxArg=t&travelPurpose=0&ctm_ref=ix_sb_dl&domestic=0', 0, 'ibis Bengaluru Outer Ring Road is ideally located on the Sarjapur ORR amidst numerous business parks, and is the only international economy hotel brand in the area. With 311 contemporary designed rooms offering complimentary Wi-Fi, a 24/7 gym, it is an ideal choice for business travellers to work comfortably and sleep well. Recently revamped with a new menu and an exciting look, Spice it flaunts an array of distinct and tantalizing options that are sure to treat your palate. The freshness of ingredients paired with the expertise of our talented team of chefs will ensure that your meal at Spice it is the one to be remembered. Being part of a complex, guests can also use Tattva spa in the adjacent Novotel.', 'Excellent', 5, '★★★★★', '★★★★', '★★★★★', '★★★★'),
(24, 1, 'JW Marriott Hotel Bengaluru\r\n', '24/1, Vittal Mallya Rd, KG Halli, Shanthala Nagar, Ashok Nagar, Bengaluru, Karnataka 560001', '<iframe src=\"https://www.google.com/maps/embed?pb=!1m18!1m12!1m3!1d3887.9920236672065!2d77.5927324147403!3d12.972361790855375!2m3!1f0!2f0!3f0!3m2!1i1024!2i768!4f13.1!3m3!1m2!1s0x3bae1679c4616049%3A0x21e7060fdb88a82b!2sJW%20Marriott%20Hotel%20Bengaluru!5e0!3m2!1sen!2sin!4v1648280139880!5m2!1sen!2sin\" width=\"600\" height=\"450\" style=\"border:0;\" allowfullscreen=\"\" loading=\"lazy\" referrerpolicy=\"no-referrer-when-downgrade\"></iframe>', 0, 'Just 60 minutes from Bengaluru International Airpo...', 0, '★★★★★', 0, 13450, 'https://www.booking.com/hotel/in/jw-marriott-bengaluru.en-gb.html?aid=378266;label=bdot-Os1%2AaFx2GVFdW3rxGd0MYQS461499016018%3Apl%3Ata%3Ap1%3Ap22%2C563%2C000%3Aac%3Aap%3Aneg%3Afi%3Atikwd-334108349%3Alp9062209%3Ali%3Adec%3Adm%3Appccp%3DUmFuZG9tSVYkc2RlIyh9YYriJK-Ikd_dLBPOo0BdMww;sid=79954ed21721806cada00d8de4c607d8;all_sr_blocks=62199915_246431939_2_42_0;checkin=2022-05-17;checkout=2022-05-18;dest_id=621999;dest_type=hotel;dist=0;group_adults=2;group_children=0;hapos=1;highlighted_blocks=62199915_246431939_2_42_0;hpos=1;matching_block_id=62199915_246431939_2_42_0;no_rooms=1;req_adults=2;req_children=0;room1=A%2CA;sb_price_type=total;sr_order=popularity;sr_pri_blocks=62199915_246431939_2_42_0__1345000;srepoch=1647096926;srpvid=440768ee8d2a01b2;type=total;ucfs=1&#hotelTmpl', 14000, 'https://us.trip.com/hotels/list?city=1355&countryId=107&checkin=2022/03/17&checkout=2022/03/18&highPrice=-1&optionId=2118350&optionType=Hotel&directSearch=0&optionName=JW%20Marriott%20Hotel%20Bengaluru&display=JW%20Marriott%20Hotel%20Bengaluru&crn=1&adult=1&children=0&searchBoxArg=t&travelPurpose=0&ctm_ref=ix_sb_dl&domestic=0', 0, 'JW Marriott Bengaluru, a luxury five-star luxury hotel is ideally located in the heart of Bangalore with spacious rooms and suites overlooking plus 300-acre Cubbon Park and the uber luxury, lifestyle & dining destination - UB City. The hotel is centrally located and easily accessible to commercial hubs in the city. Also moments away from Lavelle Road and Mahatma Gandhi (MG) Road, offering a coveted combination of incredible views, architectural splendor and warm hospitality.', 'Very Good', 5, '★★★★★', '★★★★', '★★★★★', '★★★★'),
(25, 1, 'Grand Mercure Bengaluru at Gopalan Mall', 'Swami Vivekananda Rd, Rahat Bagh, Nagavarapalya, Bennigana Halli, Bengaluru, Karnataka 560093', '<iframe src=\"https://www.google.com/maps/embed?pb=!1m18!1m12!1m3!1d3887.672291202992!2d77.65885451474058!3d12.992799890842024!2m3!1f0!2f0!3f0!3m2!1i1024!2i768!4f13.1!3m3!1m2!1s0x3bae114af0627a73%3A0xc7b915837770cbef!2sGrand%20Mercure%20Bengaluru%20at%20Gopalan%20Mall!5e0!3m2!1sen!2sin!4v1648280182262!5m2!1sen!2sin\" width=\"600\" height=\"450\" style=\"border:0;\" allowfullscreen=\"\" loading=\"lazy\" referrerpolicy=\"no-referrer-when-downgrade\"></iframe>', 0, 'just 5 min from rahat bagh', 0, '★★★★', 0, 6999, 'https://www.booking.com/hotel/in/grand-mercure-bengaluru-at-gopalan-mall.en-gb.html?label=bdot-Os1*aFx2GVFdW3rxGd0MYQS461499016018%3Apl%3Ata%3Ap1%3Ap22%2C563%2C000%3Aac%3Aap%3Aneg%3Afi%3Atikwd-334108349%3Alp9062209%3Ali%3Adec%3Adm%3Appccp%3DUmFuZG9tSVYkc2RlIyh9YYriJK-Ikd_dLBPOo0BdMww&sid=79954ed21721806cada00d8de4c607d8&aid=378266&ucfs=1&arphpl=1&checkin=2022-05-17&checkout=2022-05-18&dest_id=5230325&dest_type=hotel&group_adults=2&req_adults=2&no_rooms=1&group_children=0&req_children=0&hpos=1&hapos=1&sr_order=popularity&srpvid=f38469163c4a0223&srepoch=1647097006&all_sr_blocks=523032502_246100735_2_42_0&highlighted_blocks=523032502_246100735_2_42_0&matching_block_id=523032502_246100735_2_42_0&sr_pri_blocks=523032502_246100735_2_42_0__699900&from_sustainable_property_sr=1&from=searchresults#hotelTmpl', 7500, 'https://us.trip.com/hotels/list?city=1355&countryId=107&checkin=2022/03/17&checkout=2022/03/18&highPrice=-1&optionId=23138249&optionType=Hotel&directSearch=0&optionName=Grand%20Mercure%20Bengaluru%20at%20Gopalan%20Mall&display=Grand%20Mercure%20Bengaluru%20at%20Gopalan%20Mall&crn=1&adult=1&children=0&searchBoxArg=t&travelPurpose=0&ctm_ref=ix_sb_dl&domestic=0', 0, 'Grand Mercure Bengaluru at Gopalan Mall is located opposite RMZ Infinity, close to the city centre with easy access to Indiranagar and major techparks – Bagmane Techpark CV Raman Nagar, Bagmane World Technology Centre, Manyata Techpark, RMZ Millenia etc. The hotel features 212 spacious guest rooms including 29 suites with modern guest amenities. Dining options include La Utsav – an all-day dining restaurant serving global and local delicacies and 1026 AD – lounge and alfresco. The hotel also features 8 meeting spaces for 20-400 guests, fitness centre, pool, spa, entertainment zone, library lounge and business centre. The metro station is a short walk and the adjoining Gopalan Signature Mall offers multiple lifestyle options.', 'Excellent', 5, '★★★★★', '★★★★', '★★★★★', '★★★★'),
(26, 1, 'Hyatt Centric Mg Road Bangalore', '1/1, Swami Vivekananda Rd, Someshwarpura, Halasuru, Bengaluru, Karnataka 560008', '<iframe src=\"https://www.google.com/maps/embed?pb=!1m18!1m12!1m3!1d3887.9749342319687!2d77.6196123147403!3d12.973454990854707!2m3!1f0!2f0!3f0!3m2!1i1024!2i768!4f13.1!3m3!1m2!1s0x3bae169c86699da9%3A0x9647208b9140fe77!2sHyatt%20Centric%20Mg%20Road%20Bangalore!5e0!3m2!1sen!2sin!4v1648280229407!5m2!1sen!2sin\" width=\"600\" height=\"450\" style=\"border:0;\" allowfullscreen=\"\" loading=\"lazy\" referrerpolicy=\"no-referrer-when-downgrade\"></iframe>', 0, '15 min away from mg road', 0, '★★★★★', 0, 7250, 'https://www.booking.com/hotel/in/hyatt-bangalore-mg-road.en-gb.html?label=bdot-Os1*aFx2GVFdW3rxGd0MYQS461499016018%3Apl%3Ata%3Ap1%3Ap22%2C563%2C000%3Aac%3Aap%3Aneg%3Afi%3Atikwd-334108349%3Alp9062209%3Ali%3Adec%3Adm%3Appccp%3DUmFuZG9tSVYkc2RlIyh9YYriJK-Ikd_dLBPOo0BdMww&sid=79954ed21721806cada00d8de4c607d8&aid=378266&ucfs=1&arphpl=1&checkin=2022-05-17&checkout=2022-05-18&dest_id=297589&dest_type=hotel&group_adults=2&req_adults=2&no_rooms=1&group_children=0&req_children=0&hpos=1&hapos=1&sr_order=popularity&srpvid=61bd69403a7c006c&srepoch=1647097090&all_sr_blocks=29758908_297755391_2_42_0&highlighted_blocks=29758908_297755391_2_42_0&matching_block_id=29758908_297755391_2_42_0&sr_pri_blocks=29758908_297755391_2_42_0__725000&from_sustainable_property_sr=1&from=searchresults#hotelTmpl', 7500, 'https://us.trip.com/hotels/list?city=1355&countryId=107&checkin=2022/03/17&checkout=2022/03/18&highPrice=-1&optionId=2487233&optionType=Hotel&directSearch=0&optionName=Hyatt%20Centric%20MG%20Road%20Bangalore&display=Hyatt%20Centric%20MG%20Road%20Bangalore&crn=1&adult=1&children=0&searchBoxArg=t&travelPurpose=0&ctm_ref=ix_sb_dl&domestic=0', 0, 'Guided by our purpose of care, we’re committed to enhanced levels of cleanliness in an effort to ensure your safety and wellbeing. Hyatt Centric MG Road Bangalore offers a unique base that allows you to live and explore like a local. Conveniently located within proximity of major attractions, the hotel is your ideal home base in Bangalore. Visit landmarks like Bangalore Palace, Lalbagh and Vidhan Soudha via our well-connected metro lines or discover hidden gems that few insiders know about. During your stay, enjoy our city’s year-long breezy weather and relax by the pool. Socialise at The Corner or relish modern global cuisine at The Bengaluru Brasserie or sip in creative cocktails at Liquid Bar.', 'Excellent', 5, '★★★★★', '★★★★', '★★★★★', '★★★★'),
(27, 8, 'Holiday Inn Goa Candolim, an IHG Hotel', 'Survey No. 52/5 And 52/8, Opposite Kingfisher Villa, Opposite Kingfisher Villa, Candolim, Bardez, Candolim, Bardez, Goa 403515', '<iframe src=\"https://www.google.com/maps/embed?pb=!1m18!1m12!1m3!1d3844.6454755264704!2d73.76984121477041!3d15.503490389232665!2m3!1f0!2f0!3f0!3m2!1i1024!2i768!4f13.1!3m3!1m2!1s0x3bbfc1d675c79e2d%3A0xbdc7b06821609fef!2sHoliday%20Inn%20Goa%20Candolim%2C%20an%20IHG%20Hotel!5e0!3m2!1sen!2sin!4v1648280269253!5m2!1sen!2sin\" width=\"600\" height=\"450\" style=\"border:0;\" allowfullscreen=\"\" loading=\"lazy\" referrerpolicy=\"no-referrer-when-downgrade\"></iframe>', 0, 'just opposite to kingfisher village', 0, '★★★', 0, 7125, 'https://www.booking.com/hotel/in/holiday-inn-goa-candolim.en-gb.html?aid=378266;label=bdot-Os1%2AaFx2GVFdW3rxGd0MYQS461499016018%3Apl%3Ata%3Ap1%3Ap22%2C563%2C000%3Aac%3Aap%3Aneg%3Afi%3Atikwd-334108349%3Alp9062209%3Ali%3Adec%3Adm%3Appccp%3DUmFuZG9tSVYkc2RlIyh9YYriJK-Ikd_dLBPOo0BdMww;sid=79954ed21721806cada00d8de4c607d8;all_sr_blocks=737750908_328256746_2_34_0;checkin=2022-05-17;checkout=2022-05-18;dist=0;group_adults=2;group_children=0;hapos=1;highlighted_blocks=737750908_328256746_2_34_0;hpos=1;matching_block_id=737750908_328256746_2_34_0;no_rooms=1;req_adults=2;req_children=0;room1=A%2CA;sb_price_type=total;sr_order=distance_from_search;sr_pri_blocks=737750908_328256746_2_34_0__712500;srepoch=1647097218;srpvid=e0336980e33e0212;type=total;ucfs=1&#hotelTmplhttps://www.booking.com/hotel/in/holiday-inn-goa-candolim.en-gb.html?aid=378266;label=bdot-Os1%2AaFx2GVFdW3rxGd0MYQS461499016018%3Apl%3Ata%3Ap1%3Ap22%2C563%2C000%3Aac%3Aap%3Aneg%3Afi%3Atikwd-334108349%3Alp9062209%3Ali%3Adec%3Adm%3Appccp%3DUmFuZG9tSVYkc2RlIyh9YYriJK-Ikd_dLBPOo0BdMww;sid=79954ed21721806cada00d8de4c607d8;all_sr_blocks=737750908_328256746_2_34_0;checkin=2022-05-17;checkout=2022-05-18;dist=0;group_adults=2;group_children=0;hapos=1;highlighted_blocks=737750908_328256746_2_34_0;hpos=1;matching_block_id=737750908_328256746_2_34_0;no_rooms=1;req_adults=2;req_children=0;room1=A%2CA;sb_price_type=total;sr_order=distance_from_search;sr_pri_blocks=737750908_328256746_2_34_0__712500;srepoch=1647097218;srpvid=e0336980e33e0212;type=total;ucfs=1&#hotelTmpl', 7500, 'https://us.trip.com/hotels/list?city=36116&countryId=107&checkin=2022/03/17&checkout=2022/03/18&highPrice=-1&lat=15.5034904&lon=73.77202989999999&optionType=Markland&directSearch=0&optionName=Holiday%20Inn%20Goa%20Candolim%2C%20an%20IHG%20Hotel&display=Holiday%20Inn%20Goa%20Candolim%2C%20an%20IHG%20Hotel&crn=1&adult=1&children=0&markland=Holiday%20Inn%20Goa%20Candolim%2C%20an%20IHG%20Hotel&searchBoxArg=t&travelPurpose=0&ctm_ref=ix_sb_dl&domestic=0', 0, 'Holiday Inn Bengaluru Racecourse invites a stay of comfort. Conveniently located along Seshadri Road, it is easily accessible to public transportation. The hotel is designed with smart frequent travelers in mind. With an amazing view of the Racecourse, complimentary breakfast, high speed internet access and a comfortable room that will leave you relaxed and recharged, it’s more than your basic business hotel. It’s a place that understands you, and the way you get things done. With every stay you get a more rewarding experience with IHG Rewards Club. You are rewarded for every night you spend with us. From easy points earning to a great night’s sleep, we ensure your every stay is its most rewarding. Be it for vacation or work, a warm welcome awaits you at Holiday Inn Bengaluru Racecourse.', 'Excellent', 5, '★★★★★', '★★★★', '★★★★★', '★★★★'),
(28, 8, 'The Baga Beach Resort', '7/225/A, Saunta Vaddo, Baga, Goa 403516\r\n', '<iframe src=\"https://www.google.com/maps/embed?pb=!1m18!1m12!1m3!1d3843.670989246337!2d73.75001201477119!3d15.55575858919993!2m3!1f0!2f0!3f0!3m2!1i1024!2i768!4f13.1!3m3!1m2!1s0x3bbfea1c2840a939%3A0xae5bc024b2973552!2sThe%20Baga%20Beach%20Resort!5e0!3m2!1sen!2sin!4v1648280330621!5m2!1sen!2sin\" width=\"600\" height=\"450\" style=\"border:0;\" allowfullscreen=\"\" loading=\"lazy\" referrerpolicy=\"no-referrer-when-downgrade\"></iframe>', 0, 'The Baga Beach Resort, including Britto\'s (0.4 mi)...', 0, '★★★★', 0, 7199, 'https://www.booking.com/searchresults.en-gb.html?ss=The+Baga+Beach+Resort%2C+Baga%2C+Goa%2C+India&ssne=Candolim&ssne_untouched=Candolim&label=msn-LOcHQGfA16aswDjFb7_rcw-80539252256335%3Atikwd-80539278535451%3Aloc-90%3Aneo%3Amte%3Alp155345%3Adec%3Aqsbooking+.com&sid=d58189f861dd5b31e3eb9889d5648e3b&aid=375653&lang=en-gb&sb=1&src_elem=sb&src=searchresults&dest_id=1429122&dest_type=hotel&ac_position=0&ac_click_type=b&ac_langcode=en&ac_suggestion_list_length=5&search_selected=true&search_pageview_id=1f744bf96d3400c5&checkin=2022-04-21&checkout=2022-04-22&group_adults=2&no_rooms=1&group_children=0&sb_travel_purpose=leisure', 11619, 'https://us.trip.com/hotels/list?city=60033&countryId=107&checkin=2022/03/17&checkout=2022/03/18&highPrice=-1&optionId=3722589&optionType=Hotel&directSearch=0&optionName=The%20Baga%20Beach%20Resort&display=The%20Baga%20Beach%20Resort&crn=1&adult=1&children=0&searchBoxArg=t&travelPurpose=0&ctm_ref=ix_sb_dl&domestic=0', 0, 'Finding an ideal charming hotel in Baga does not have to be difficult. Welcome to The Baga Beach Resort, a nice option for travellers like you.  Rooms at The Baga Beach Resort offer a flat screen TV, air conditioning, and a minibar providing exceptional comfort and convenience, and guests can go online with free wifi.  A concierge and room service are some of the conveniences offered at this hotel. A pool and free breakfast will also help to make your stay even more special. If you are driving to The Baga Beach Resort, free parking is available.', 'Good', 5, '★★★★★', '★★★★', '★★★★★', '★★★★'),
(29, 8, 'Novotel Goa Candolim', 'Anna Waddo, Main, Candolim Rd, Candolim, Goa 403515', '<iframe src=\"https://www.google.com/maps/embed?pb=!1m18!1m12!1m3!1d3844.2152765486444!2d73.76379921477081!3d15.526585989218148!2m3!1f0!2f0!3f0!3m2!1i1024!2i768!4f13.1!3m3!1m2!1s0x3bbfc1eb8475c16f%3A0xf813e1aaad27327f!2sNovotel%20Goa%20Candolim!5e0!3m2!1sen!2sin!4v1648280361284!5m2!1sen!2sin\" width=\"600\" height=\"450\" style=\"border:0;\" allowfullscreen=\"\" loading=\"lazy\" referrerpolicy=\"no-referrer-when-downgrade\"></iframe>', 0, 'only 10 min away from station', 0, '★★★★★', 0, 8299, 'https://www.booking.com/searchresults.en-gb.html?ss=Novotel+Goa+Candolim%2C+Candolim%2C+Goa%2C+India&ssne=Panaji&ssne_untouched=Panaji&label=msn-LOcHQGfA16aswDjFb7_rcw-80539252256335%3Atikwd-80539278535451%3Aloc-90%3Aneo%3Amte%3Alp155345%3Adec%3Aqsbooking+.com&sid=d58189f861dd5b31e3eb9889d5648e3b&aid=375653&lang=en-gb&sb=1&src_elem=sb&src=searchresults&dest_id=708367&dest_type=hotel&ac_position=0&ac_click_type=b&ac_langcode=en&ac_suggestion_list_length=2&search_selected=true&search_pageview_id=0e2f4bcb431b0170&checkin=2022-04-21&checkout=2022-04-22&group_adults=2&no_rooms=1&group_children=0&sb_travel_purpose=leisure', 9000, 'https://us.trip.com/hotels/list?city=36112&countryId=107&checkin=2022/03/17&checkout=2022/03/18&highPrice=-1&optionId=3032205&optionType=Hotel&directSearch=0&optionName=Novotel%20Goa%20Candolim%20Hotel&display=Novotel%20Goa%20Candolim%20Hotel&crn=1&adult=1&children=0&searchBoxArg=t&travelPurpose=0&ctm_ref=ix_sb_dl&domestic=0', 0, 'Nestled amidst the serene countryside of lush paddy plantations, relaxation reigns at AccorHotels first Novotel Resort in Goa. A place blessed by nature, This breathtaking property just off North Goa\'s bustling nightlife and beaches is designed as a magical hideaway where time stands still as families and couples bond together, kids make new friends and have great fun. The Candolim Beach a few minutes away. Whether relishing an intimate couple\'s hideaway or a retreat for the entire family, the 121 rooms and suites at this resort is designed with the entire family in mind. Food and beverage outlets serving global cuisine with a local touch, our signature breakfast experience, a sports corner with badminton/ basketball ring, a gym, a fun pool area with great music & a Jacuzzi, our easy lobby with fun technology. As part of the family & Novotel program, the supervised kids activity corner (one of the largest in North Goa) is an ideal space for kids to enhance their innate talents via fun, educational programs as well as games, movie afternoons etc. Guests can take advantage of the unique Balinese-style design Warren Tricomi Spa which offers endless treatments with 10 treatment rooms & Goa\'s only Turkish hammam bath. But if you\'d rather enjoy your tipple by the poolside, or take to the Sunken bar, attached pool bar for a refreshing drink. There are captivating activities by the vitality pool with private cabanas. Pleasure is a daily mantra here. So whether it\'s a shopaholic, a gastronome, a spa junkie and a nature lover - the resorts location and features covers all they want.', 'Excellent', 4, '★★★★★', '★★★★', '★★★★★', '★★★★'),
(30, 8, 'Country Inn & Suites by Radisson, Goa Panjim', 'Plot No. 31, EDC Patto Plaza, Patto Centre, Panaji, Goa 403001', '<iframe src=\"https://www.google.com/maps/embed?pb=!1m18!1m12!1m3!1d3844.763629984151!2d73.83271691477039!3d15.497141289236527!2m3!1f0!2f0!3f0!3m2!1i1024!2i768!4f13.1!3m3!1m2!1s0x3bbfc08466a324e7%3A0x5b731d44251b9d4!2sCountry%20Inn%20%26%20Suites%20by%20Radisson%2C%20Goa%20Panjim!5e0!3m2!1sen!2sin!4v1648280392607!5m2!1sen!2sin\" width=\"600\" height=\"450\" style=\"border:0;\" allowfullscreen=\"\" loading=\"lazy\" referrerpolicy=\"no-referrer-when-downgrade\"></iframe>', 0, 'Close to some of Panjim\'s most popular landmarks, ...', 0, '★★★★★', 0, 5125, 'https://www.booking.com/searchresults.en-gb.html?ss=Country+Inn+%26+Suites+by+Radisson%2C+Goa+Panjim&ssne=SinQ+Priv%C3%A9%2C+Candolim%2C+Goa%2C+India&ssne_untouched=SinQ+Priv%C3%A9%2C+Candolim%2C+Goa%2C+India&label=msn-LOcHQGfA16aswDjFb7_rcw-80539252256335%3Atikwd-80539278535451%3Aloc-90%3Aneo%3Amte%3Alp155345%3Adec%3Aqsbooking+.com&sid=d58189f861dd5b31e3eb9889d5648e3b&aid=375653&lang=en-gb&sb=1&src_elem=sb&src=searchresults&checkin=2022-04-21&checkout=2022-04-22&group_adults=2&no_rooms=1&group_children=0&sb_travel_purpose=leisure', 5550, 'https://us.trip.com/hotels/list?city=536249&countryId=107&checkin=2022/03/17&checkout=2022/03/18&highPrice=-1&optionId=764250&optionType=Hotel&directSearch=0&optionName=Country%20Inn%20%26%20Suites%20by%20Radisson%2C%20Goa%20Panjim&display=Country%20Inn%20%26%20Suites%20by%20Radisson%2C%20Goa%20Panjim&crn=1&adult=1&children=0&searchBoxArg=t&travelPurpose=0&ctm_ref=ix_sb_dl&domestic=0', 0, 'Country Inn & Suites by Radisson, Goa Panjim offers guests an array of room amenities including a flat screen TV and air conditioning, and getting online is possible, as free wifi is available.  The hotel offers room service and a concierge, to make your visit even more pleasant. The property also features a rooftop pool and free breakfast. Guests arriving by vehicle have access to free parking.  While visiting Panjim, you may want to try some oyster at one of the nearby restaurants, such as Ritz Classic Restaurant and Bar.  There is no shortage of things to do in the area, and there are several great attractions that are within walking distance of Country Inn & Suites by Radisson, Goa Panjim, including Fontainhas (0.4 mi), Reis Magos Fort (0.2 mi), and Church of Our Lady of the Immaculate Conception (0.5 mi).', 'Excellent', 5, '★★★★★', '★★★★', '★★★★★', '★★★★'),
(31, 8, 'SinQ Privé', 'Opp Taj Holiday Village, Candolim, Goa 403515', '<iframe src=\"https://www.google.com/maps/embed?pb=!1m18!1m12!1m3!1d3844.6760984970856!2d73.76952261477044!3d15.501845089233612!2m3!1f0!2f0!3f0!3m2!1i1024!2i768!4f13.1!3m3!1m2!1s0x3bbfc11521e89c2d%3A0x5317c83d7ad45fd!2sSinQ%20Priv%C3%A9!5e0!3m2!1sen!2sin!4v1648280422377!5m2!1sen!2sin\" width=\"600\" height=\"450\" style=\"border:0;\" allowfullscreen=\"\" loading=\"lazy\" referrerpolicy=\"no-referrer-when-downgrade\"></iframe>', 0, 'opp taj holiday village', 0, '★★', 0, 3000, 'https://www.booking.com/searchresults.en-gb.html?ss=SinQ+Priv%C3%A9%2C+Candolim%2C+Goa%2C+India&ssne=SinQ+Priv%C3%A9%2C+Candolim%2C+Goa%2C+India&ssne_untouched=SinQ+Priv%C3%A9%2C+Candolim%2C+Goa%2C+India&label=msn-LOcHQGfA16aswDjFb7_rcw-80539252256335%3Atikwd-80539278535451%3Aloc-90%3Aneo%3Amte%3Alp155345%3Adec%3Aqsbooking+.com&sid=d58189f861dd5b31e3eb9889d5648e3b&aid=375653&lang=en-gb&sb=1&src_elem=sb&src=searchresults&latitude=15.5018451&longitude=73.7717113&checkin=2022-04-21&checkout=2022-04-22&group_adults=2&no_rooms=1&group_children=0&sb_travel_purpose=leisure', 2000, 'https://us.trip.com/hotels/list?city=36116&countryId=107&checkin=2022/03/17&checkout=2022/03/18&highPrice=-1&optionId=22801004&optionType=Hotel&directSearch=0&optionName=Sinq%20Prive&display=Sinq%20Prive&crn=1&adult=1&children=0&searchBoxArg=t&travelPurpose=0&ctm_ref=ix_sb_dl&domestic=0', 0, 'his elegant stylish property is designed to give you an experience like no other flourishing hotel. SinQ Prive is designed keeping in mind the comfort, luxury and lifestyle. The resort offers 39 luxurious rooms and suites, a rooftop infinity pool, restaurant and a hookah bar along with a range of leisure activities.', 'Excellent', 5, '★★★★★', '★★★★', '★★★★★', '★★★★'),
(32, 8, 'HOTEL Krishna SEA COIN', 'colva beachroad, near, Colva Beach Cir, Goa 403708', '<iframe src=\"https://www.google.com/maps/embed?pb=!1m18!1m12!1m3!1d3848.8552220209203!2d73.91338641476764!3d15.275689189375372!2m3!1f0!2f0!3f0!3m2!1i1024!2i768!4f13.1!3m3!1m2!1s0x3bbfb41976bfb571%3A0x24e998c322aa0d34!2sHOTEL%20Krishna%20SEA%20COIN!5e0!3m2!1sen!2sin!4v1648280457352!5m2!1sen!2sin\" width=\"600\" height=\"450\" style=\"border:0;\" allowfullscreen=\"\" loading=\"lazy\" referrerpolicy=\"no-referrer-when-downgrade\"></iframe>', 0, 'The property is located 23.0kms from Dabolim Airp..', 0, '★★★', 0, 3000, 'https://www.booking.com/searchresults.en-gb.html?ss=HOTEL+Krishna+SEA+COIN%2C+Colva+Beach+Circle%2C+Colva%2C+Goa%2C+India&ssne=Palolem&ssne_untouched=Palolem&label=msn-LOcHQGfA16aswDjFb7_rcw-80539252256335%3Atikwd-80539278535451%3Aloc-90%3Aneo%3Amte%3Alp155345%3Adec%3Aqsbooking+.com&sid=d58189f861dd5b31e3eb9889d5648e3b&aid=375653&lang=en-gb&sb=1&src_elem=sb&src=searchresults&dest_id=ChIJcbW_dhm0vzsRNA2qIsOY6SQ&dest_type=landmark&place_id=ChIJcbW_dhm0vzsRNA2qIsOY6SQ&latitude=15.2756892&longitude=73.9155751&ac_position=0&ac_click_type=g&ac_langcode=en-gb&ac_suggestion_list_length=1&search_selected=true&search_pageview_id=fa6a4b045f82014a&checkin=2022-04-21&checkout=2022-04-22&group_adults=2&no_rooms=1&group_children=0&sb_travel_purpose=leisure', 3400, 'https://us.trip.com/hotels/list?city=36118&countryId=107&checkin=2022/03/17&checkout=2022/03/18&highPrice=-1&lat=15.2756892&lon=73.9155751&optionType=Markland&directSearch=0&optionName=HOTEL%20Krishna%20SEA%20COIN&display=HOTEL%20Krishna%20SEA%20COIN&crn=1&adult=1&children=0&markland=HOTEL%20Krishna%20SEA%20COIN&searchBoxArg=t&travelPurpose=0&ctm_ref=ix_sb_dl&domestic=0', 0, 'Treebo Trend Sea Coin has a banquet hall available for parties and get-togethers, a bar offering you the best drinks in town, travel desk for helping you with your travel plans and an in-house restaurant open from 9:00 AM to 10:00 PM. Some of the in-room amenities provided in this hotel include a comfortable queen-size bed, wardrobe, air conditioner, fan, TV with DTH or cable connection, room lock and mosquito repellant (on request).', 'Excellent', 5, '★★★★★', '★★★★', '★★★★★', '★★★★'),
(33, 8, 'O3 Beach Resort', 'Ourem Rd, Mohanbagh, Palolem, Canacona, Goa 403702', '<iframe src=\"https://www.google.com/maps/embed?pb=!1m18!1m12!1m3!1d3853.745534614535!2d74.0245140147642!3d15.006824389544786!2m3!1f0!2f0!3f0!3m2!1i1024!2i768!4f13.1!3m3!1m2!1s0x3bbe454da40219e9%3A0x1c76ab46b01fc8b7!2sO3%20Beach%20Resort!5e0!3m2!1sen!2sin!4v1648280491023!5m2!1sen!2sin\" width=\"600\" height=\"450\" style=\"border:0;\" allowfullscreen=\"\" loading=\"lazy\" referrerpolicy=\"no-referrer-when-downgrade\"></iframe>', 0, '10 min away from station', 0, '★★★★★', 0, 2700, 'https://www.booking.com/searchresults.en-gb.html?ss=O3+Beach+Resort%2C+Palolem%2C+Goa%2C+India&ssne=Agonda&ssne_untouched=Agonda&label=msn-LOcHQGfA16aswDjFb7_rcw-80539252256335%3Atikwd-80539278535451%3Aloc-90%3Aneo%3Amte%3Alp155345%3Adec%3Aqsbooking+.com&sid=d58189f861dd5b31e3eb9889d5648e3b&aid=375653&lang=en-gb&sb=1&src_elem=sb&src=searchresults&dest_id=2898866&dest_type=hotel&ac_position=0&ac_click_type=b&ac_langcode=en&ac_suggestion_list_length=1&search_selected=true&search_pageview_id=0e524ad84ab10017&checkin=2022-04-21&checkout=2022-04-22&group_adults=2&no_rooms=1&group_children=0&sb_travel_purpose=leisure', 0, 'https://us.trip.com/hotels/list?city=74980&countryId=107&checkin=2022/03/17&checkout=2022/03/18&highPrice=-1&optionId=13907926&optionType=Hotel&directSearch=0&optionName=O3%20Beach%20Resort&display=O3%20Beach%20Resort&crn=1&adult=1&children=0&searchBoxArg=t&travelPurpose=0&ctm_ref=ix_sb_dl&domestic=0', 0, 'O3 Beach Resort is beach Front property located at Palolem beach South Goa. Offering a Restaurant and Bar we serve different type of Indian,continental, Italian , American, English, Israeli food options to our Guest. We offer Sea view and side sea view deluxe rooms to serve our customers. All rooms are Spacious with Balcony and private modern bathrooms. Our staff is fully dedicated to serve our guests and we give our 100% to keep our customers satisfied.', 'Excellent', 5, '★★★★★', '★★★★', '★★★★★', '★★★★'),
(34, 8, 'Soulmate Beach Resort', 'Agonda, Goa 403702', '<iframe src=\"https://www.google.com/maps/embed?pb=!1m18!1m12!1m3!1d3853.009335885899!2d73.98290321476472!3d15.047599889519063!2m3!1f0!2f0!3f0!3m2!1i1024!2i768!4f13.1!3m3!1m2!1s0x3bbe4fa70e136453%3A0xf270ed38a6ec9e8e!2sSoulmate%20Beach%20Resort!5e0!3m2!1sen!2sin!4v1648280542035!5m2!1sen!2sin\" width=\"600\" height=\"450\" style=\"border:0;\" allowfullscreen=\"\" loading=\"lazy\" referrerpolicy=\"no-referrer-when-downgrade\"></iframe>', 0, 'no info', 0, '★★★★★', 0, 1899, 'https://www.booking.com/searchresults.en-gb.html?ss=Soulmate+Beach+Resort%2C+Agonda%2C+Goa%2C+India&ssne=Panaji&ssne_untouched=Panaji&label=msn-LOcHQGfA16aswDjFb7_rcw-80539252256335%3Atikwd-80539278535451%3Aloc-90%3Aneo%3Amte%3Alp155345%3Adec%3Aqsbooking+.com&sid=d58189f861dd5b31e3eb9889d5648e3b&aid=375653&lang=en-gb&sb=1&src_elem=sb&src=searchresults&dest_id=2086886&dest_type=hotel&ac_position=0&ac_click_type=b&ac_langcode=en&ac_suggestion_list_length=1&search_selected=true&search_pageview_id=7ca34aaaacf90167&checkin=2022-04-21&checkout=2022-04-22&group_adults=2&no_rooms=1&group_children=0&sb_travel_purpose=leisure', 4000, 'https://us.trip.com/hotels/list?city=74972&countryId=107&checkin=2022/03/17&checkout=2022/03/18&highPrice=-1&optionId=9999140&optionType=Hotel&directSearch=0&optionName=Soulmate%20Beach%20Resort&display=Soulmate%20Beach%20Resort&crn=1&adult=1&children=0&searchBoxArg=t&travelPurpose=0&ctm_ref=ix_sb_dl&domestic=0', 0, 'Beach Front Resort at Agonda Beach , South Goa, India', 'Excellent', 5, '★★★★★', '★★★★', '★★★★★', '★★★★'),
(35, 8, 'Hotel Arcadia', 'MG Road, Panaji, Goa 403001', '<iframe src=\"https://www.google.com/maps/embed?pb=!1m18!1m12!1m3!1d3844.745929641696!2d73.82236451477046!3d15.498092589235934!2m3!1f0!2f0!3f0!3m2!1i1024!2i768!4f13.1!3m3!1m2!1s0x3bbfc08ea5d115cd%3A0x9be53506933105ae!2sHotel%20Arcadia!5e0!3m2!1sen!2sin!4v1648280639671!5m2!1sen!2sin\" width=\"600\" height=\"450\" style=\"border:0;\" allowfullscreen=\"\" loading=\"lazy\" referrerpolicy=\"no-referrer-when-downgrade\"></iframe>', 0, 'Hotel Arcadia is located 2.2 km from Miramar Beach..', 0, '★★★★', 0, 1801, 'https://www.booking.com/searchresults.en-gb.html?ss=Hotel+Arcadia%2C+Panaji%2C+Goa%2C+India&ssne=Calangute&ssne_untouched=Calangute&label=msn-LOcHQGfA16aswDjFb7_rcw-80539252256335%3Atikwd-80539278535451%3Aloc-90%3Aneo%3Amte%3Alp155345%3Adec%3Aqsbooking+.com&sid=d58189f861dd5b31e3eb9889d5648e3b&aid=375653&lang=en-gb&sb=1&src_elem=sb&src=searchresults&dest_id=3912765&dest_type=hotel&ac_position=4&ac_click_type=b&ac_langcode=en&ac_suggestion_list_length=5&search_selected=true&search_pageview_id=c9074a6ce0e10015&checkin=2022-04-21&checkout=2022-04-22&group_adults=2&no_rooms=1&group_children=0&sb_travel_purpose=leisure', 2000, 'https://us.trip.com/hotels/list?city=36125&countryId=107&checkin=2022/03/17&checkout=2022/03/18&highPrice=-1&optionId=22796039&optionType=Hotel&directSearch=0&optionName=Arcadia&display=Arcadia&crn=1&adult=1&children=0&searchBoxArg=t&travelPurpose=0&ctm_ref=ix_sb_dl&domestic=0', 0, 'Well located in the Miramar Beach district of Panaji, Hotel Arcadia is located 2.2 km from Miramar Beach, 1.7 km from River Cruise and 1 km from Immaculate Conception Church. The property is situated 2.2 km from Goa State Museum, 1.', 'Excellent', 5, '★★★★★', '★★★★', '★★★★★', '★★★★'),
(36, 8, 'Hard Rock Hotel Goa', '370, 14, Porba Vaddo, near KFC, Calangute, Goa 403516', '<iframe src=\"https://www.google.com/maps/embed?pb=!1m18!1m12!1m3!1d3843.8560806509904!2d73.76394641477103!3d15.545844089206135!2m3!1f0!2f0!3f0!3m2!1i1024!2i768!4f13.1!3m3!1m2!1s0x3bbfea0a74c7f593%3A0x6e4b798b8c4ce2f1!2sHard%20Rock%20Hotel%20Goa!5e0!3m2!1sen!2sin!4v1648280674978!5m2!1sen!2sin\" width=\"600\" height=\"450\" style=\"border:0;\" allowfullscreen=\"\" loading=\"lazy\" referrerpolicy=\"no-referrer-when-downgrade\"></iframe>', 0, 'Near to KFC', 0, '★★★★', 0, 6799, 'https://www.booking.com/searchresults.en-gb.html?ss=Hard+Rock+Hotel+Goa%2C+Calangute%2C+Goa%2C+India&ssne=Jaipur&ssne_untouched=Jaipur&label=msn-LOcHQGfA16aswDjFb7_rcw-80539252256335%3Atikwd-80539278535451%3Aloc-90%3Aneo%3Amte%3Alp155345%3Adec%3Aqsbooking+.com&sid=d58189f861dd5b31e3eb9889d5648e3b&aid=375653&lang=en-gb&sb=1&src_elem=sb&src=searchresults&dest_id=476949&dest_type=hotel&ac_position=0&ac_click_type=b&ac_langcode=en&ac_suggestion_list_length=1&search_selected=true&search_pageview_id=84f54a36e0c901c1&checkin=2022-04-21&checkout=2022-04-22&group_adults=2&no_rooms=1&group_children=0&sb_travel_purpose=leisure', 15000, 'https://us.trip.com/hotels/list?city=74981&countryId=107&checkin=2022/03/17&checkout=2022/03/18&highPrice=-1&optionId=3162372&optionType=Hotel&directSearch=0&optionName=Hard%20Rock%20Hotel%20Goa&display=Hard%20Rock%20Hotel%20Goa&crn=1&adult=1&children=0&searchBoxArg=t&travelPurpose=0&ctm_ref=ix_sb_dl&domestic=0', 0, 'Have a rocking holiday at Hard Rock Hotel Goa, the first 5 star resort of its kind in India. Located in the heart of Calangute just minutes from a number of famed beaches, this music-inspired resort is a complete entertainment destination, offering world-class accommodations, stylish design and unparalleled service that will refine lifestyle hotel living. Sample international cuisine or a classic hamburger at Sessions, float around the longest swimming pool in town and enjoy fabulous cocktails at Tonic Poolside Bar & Grille. Relax, unwind and revitalize your soul at our beautifully designed Rock Spa®. Offering an array of enticing treatment options, Rock Spa® puts a rock spin on traditional treatments in a modern Zen setting. And during your stay, you’ll also get to enjoy legendary live band performances, customized playlists and guitar jam sessions in your room with Sound of Your Stay®. So check-in and get ready to feel like a rock star and live the Rock n\' Roll life!', 'Good', 5, '★★★★★', '★★★★', '★★★★★', '★★★★'),
(37, 2, 'Holiday Inn Jaipur City Centre', 'Commercial Plot, 1, Sardar Patel Marg, Rajasthan 302001', '<iframe src=\"https://www.google.com/maps/embed?pb=!1m18!1m12!1m3!1d3558.018647695405!2d75.79027221496996!3d26.90290328313191!2m3!1f0!2f0!3f0!3m2!1i1024!2i768!4f13.1!3m3!1m2!1s0x396db410e1d781c3%3A0x62ee6e23ef3c9ccb!2sHoliday%20Inn%20Jaipur%20City%20Centre%2C%20an%20IHG%20Hotel!5e0!3m2!1sen!2sin!4v1648280708297!5m2!1sen!2sin\" width=\"600\" height=\"450\" style=\"border:0;\" allowfullscreen=\"\" loading=\"lazy\" referrerpolicy=\"no-referrer-when-downgrade\"></iframe>', 0, 'Situated 45 minutes away from the Dabolim Internat.', 0, '★★★★★', 0, 7356, 'https://www.booking.com/searchresults.en-gb.html?ss=Holiday+Inn+Jaipur+City+Centre%2C+an+IHG+Hotel%2C+Jaipur%2C+Rajasthan%2C+India&ssne=Jaipur&ssne_untouched=Jaipur&label=msn-LOcHQGfA16aswDjFb7_rcw-80539252256335%3Atikwd-80539278535451%3Aloc-90%3Aneo%3Amte%3Alp155345%3Adec%3Aqsbooking+.com&sid=d58189f861dd5b31e3eb9889d5648e3b&aid=375653&lang=en-gb&sb=1&src_elem=sb&src=searchresults&dest_id=1104025&dest_type=hotel&ac_position=0&ac_click_type=b&ac_langcode=en&ac_suggestion_list_length=1&search_selected=true&search_pageview_id=2f7e4a0b3c300142&checkin=2022-04-21&checkout=2022-04-22&group_adults=2&no_rooms=1&group_children=0&sb_travel_purpose=leisure', 4022, 'https://us.trip.com/hotels/list?city=3288&countryId=107&checkin=2022/03/17&checkout=2022/03/18&highPrice=-1&optionId=2199256&optionType=Hotel&directSearch=0&optionName=Holiday%20Inn%20Jaipur%20City%20Centre%2C%20an%20Ihg%20Hotel&display=Holiday%20Inn%20Jaipur%20City%20Centre%2C%20an%20Ihg%20Hotel&crn=1&adult=1&children=0&searchBoxArg=t&travelPurpose=0&ctm_ref=ix_sb_dl&domestic=0', 0, 'Located on the picturesque Mobor beach in South Goa with direct beach access. The Holiday Inn Resort Goa offers hotel accommodation that is a unique blend of traditional Goan and contemporary architecture. Situated 45 minutes away from the Dabolim International Airport and just 17km from the Margao Railway Station the resort is ideally located for a relaxing and fun filled Vacation in Goa. Our 203 rooms and suites offer comfort and serenity combined with modern amenities with an option of a garden view pool view or sea view with attached balconies. When travelling for a family retreat take advantage of the game room kids playground and activity zone or just unwind at the outdoor pool and revitalize at the Spa Villa offering multiple ayurvedic treatments.Experience a choice of Indian and International cuisines at Mardi Gras Our 24 hour Coffee shop. Rediscover the ethnic flavors of the Far East at the exquisite Whispers of the Orient or try out our wood fired pizzas at the Mediterranean restaurant Fig and Olive. The lobby level bar Sun Downer offers a relaxing view of the Goan sunset or have an exciting evening at our beach side restaurant Beach Grill offering a huge selection of freshly caught fish cooked to perfection. Organize your special wedding day, corporate retreats or productive meetings at the Holiday Inn Resort Goa, offering the largest ballroom at 5065 sq ft and able to accommodate up to 800 guests.', 'Excellent', 5, '★★★★★', '★★★★', '★★★★★', '★★★★'),
(38, 2, 'Hilton Jaipur', 'Grand Geejgarh, 42, Hawa Sadak, Jaipur, Rajasthan 302006', '<iframe src=\"https://www.google.com/maps/embed?pb=!1m18!1m12!1m3!1d3558.06880178917!2d75.78165911496991!3d26.90131148313259!2m3!1f0!2f0!3f0!3m2!1i1024!2i768!4f13.1!3m3!1m2!1s0x396db41343ba45c1%3A0x6c886175dc6cde79!2sHilton%20Jaipur!5e0!3m2!1sen!2sin!4v1648280760605!5m2!1sen!2sin\" width=\"600\" height=\"450\" style=\"border:0;\" allowfullscreen=\"\" loading=\"lazy\" referrerpolicy=\"no-referrer-when-downgrade\"></iframe>', 0, 'Hilton Jaipur is just 2 miles from the Jaipur trai...', 0, '★★★★★', 0, 5050, 'https://www.booking.com/searchresults.en-gb.html?ss=Hilton+Jaipur%2C+Jaipur%2C+Rajasthan%2C+India&ssne=Jaipur&ssne_untouched=Jaipur&label=msn-LOcHQGfA16aswDjFb7_rcw-80539252256335%3Atikwd-80539278535451%3Aloc-90%3Aneo%3Amte%3Alp155345%3Adec%3Aqsbooking+.com&sid=d58189f861dd5b31e3eb9889d5648e3b&aid=375653&lang=en-gb&sb=1&src_elem=sb&src=searchresults&dest_id=1039091&dest_type=hotel&ac_position=0&ac_click_type=b&ac_langcode=en&ac_suggestion_list_length=2&search_selected=true&search_pageview_id=d8b349c2934a022c&checkin=2022-04-21&checkout=2022-04-22&group_adults=2&no_rooms=1&group_children=0&sb_travel_purpose=leisure', 5540, 'https://us.trip.com/hotels/list?city=3288&countryId=107&checkin=2022/03/17&checkout=2022/03/18&highPrice=-1&optionId=2198945&optionType=Hotel&directSearch=0&optionName=Hilton%20Jaipur&display=Hilton%20Jaipur&crn=1&adult=1&children=0&searchBoxArg=t&travelPurpose=0&ctm_ref=ix_sb_dl&domestic=0', 0, 'Ideally located in the heart of the city, Hilton Jaipur is just 2 miles from the Jaipur train station and from major tourist attractions, popular shopping destinations, and prime business hubs. Featuring 179 spacious rooms with four eclectic dining options including Aurum- global cuisine restaurant, Chaandi- the Indian kitchen, Krystal- the high energy bar and Signature- the rooftop lounge. The hotel offers 24 hours front desk assistance, Wi-Fi, currency exchange service, laundry with dry cleaning, luggage storage, free parking and spacious rooms with bathtub, hairdryer, and free toiletries. Zivaya spa, well-equipped fitness center, and outdoor swimming create enormous options to break away from a hectic routine. Spread across 10,000 sq. ft, Hilton Jaipur provides excellent venues for all social and business purposes that can accommodate up to 700 guests. There’s no better place to give your kid an amazing vacation experience while having fun than here at Hilton Jaipur.', 'Very Good', 5, '★★★★★', '★★★★', '★★★★★', '★★★★'),
(39, 2, 'Umaid Bhawan Hotel', 'Via Bank Road D1-2A, Bihari Marg, behind Collectorate, Bani Park, Jaipur, Rajasthan 302016', '<iframe src=\"https://www.google.com/maps/embed?pb=!1m18!1m12!1m3!1d3557.211992837477!2d75.79023451497049!3d26.928493083120905!2m3!1f0!2f0!3f0!3m2!1i1024!2i768!4f13.1!3m3!1m2!1s0x396db3f101f80fe7%3A0x5cb519814909d742!2sUmaid%20Bhawan%20Hotel!5e0!3m2!1sen!2sin!4v1648280794007!5m2!1sen!2sin\" width=\"600\" height=\"450\" style=\"border:0;\" allowfullscreen=\"\" loading=\"lazy\" referrerpolicy=\"no-referrer-when-downgrade\"></iframe>', 0, 'few seconds from bihari marg', 0, '★★★★★', 0, 9000, 'https://www.booking.com/searchresults.en-gb.html?ss=Umaid+Bhawan+-+Heritage+Style+Hotel%2C+Jaipur%2C+Rajasthan%2C+India&ssne=Jaipur&ssne_untouched=Jaipur&label=msn-LOcHQGfA16aswDjFb7_rcw-80539252256335%3Atikwd-80539278535451%3Aloc-90%3Aneo%3Amte%3Alp155345%3Adec%3Aqsbooking+.com&sid=d58189f861dd5b31e3eb9889d5648e3b&aid=375653&lang=en-gb&sb=1&src_elem=sb&src=searchresults&dest_id=246255&dest_type=hotel&ac_position=0&ac_click_type=b&ac_langcode=en&ac_suggestion_list_length=1&search_selected=true&search_pageview_id=ca7949846c57022d&checkin=2022-04-21&checkout=2022-04-22&group_adults=2&no_rooms=1&group_children=0&sb_travel_purpose=leisure', 8256, 'https://us.trip.com/hotels/list?city=7064&countryId=107&checkin=2022/03/17&checkout=2022/03/18&highPrice=-1&optionId=776774&optionType=Hotel&directSearch=0&optionName=Umaid%20Bhawan%20Palace&display=Umaid%20Bhawan%20Palace&crn=1&adult=1&children=0&searchBoxArg=t&travelPurpose=0&ctm_ref=ix_sb_dl&domestic=0', 0, 'Welcome to one of the best run Jaipur hotels. Umaid Bhawan Jaipur is a modern heritage hotel with a budget hotel tariff providing world class Rajasthani style accommodation. Our hotel is highly recommended by Lonely Planet, Let\'s go, Foot print travel guides on Jaipur Hotels and Jaipur Budget Hotels.Run by a family of Rathores, Hotels Jaipur - Umaid Bhawan is one of the finest hotels in Jaipur. Built in traditional style, there are beautifully carved balconies, attractive courtyards, open terraces, lovely garden and comfortable rooms with antique furnishings. Umaid Bhawan offers unique exotic traditional Rajasthani ambience found only in some of the Hotels in Jaipur.Ranked as one of the best run budget hotels in Jaipur by the Lonely Planet international travel guide book, Umaid Bhawan offers guests a pleasant and comfortable home away from home with traditional Rajput hospitality.', 'Excellent', 5, '★★★★★', '★★★★', '★★★★★', '★★★★'),
(40, 2, 'Pearl Palace Heritage', '54, Gopalbari Lane 2, Gopalbari, Jaipur, Rajasthan 302001', '<iframe src=\"https://www.google.com/maps/embed?pb=!1m18!1m12!1m3!1d3557.608707262103!2d75.79018531497026!3d26.915910783126247!2m3!1f0!2f0!3f0!3m2!1i1024!2i768!4f13.1!3m3!1m2!1s0x396db409ab5519ed%3A0xbb8f33f26cb28464!2sPearl%20Palace%20Heritage!5e0!3m2!1sen!2sin!4v1648280823341!5m2!1sen!2sin\" width=\"600\" height=\"450\" style=\"border:0;\" allowfullscreen=\"\" loading=\"lazy\" referrerpolicy=\"no-referrer-when-downgrade\"></iframe>', 0, 'few miles from railway station', 0, '★★★★★', 0, 6000, 'https://www.booking.com/searchresults.en-gb.html?ss=Pearl+Palace+Heritage+Boutique+Hotel%2C+Jaipur%2C+Rajasthan%2C+India&ssne=Jaipur&ssne_untouched=Jaipur&label=msn-LOcHQGfA16aswDjFb7_rcw-80539252256335%3Atikwd-80539278535451%3Aloc-90%3Aneo%3Amte%3Alp155345%3Adec%3Aqsbooking+.com&sid=d58189f861dd5b31e3eb9889d5648e3b&aid=375653&lang=en-gb&sb=1&src_elem=sb&src=searchresults&dest_id=1365990&dest_type=hotel&ac_position=0&ac_click_type=b&ac_langcode=en&ac_suggestion_list_length=1&search_selected=true&search_pageview_id=65a64957bfe700b5&checkin=2022-04-21&checkout=2022-04-22&group_adults=2&no_rooms=1&group_children=0&sb_travel_purpose=leisure', 5490, 'https://us.trip.com/hotels/list?city=3288&countryId=107&checkin=2022/03/17&checkout=2022/03/18&highPrice=-1&optionId=6446083&optionType=Hotel&directSearch=0&optionName=Pearl%20Palace%20Heritage&display=Pearl%20Palace%20Heritage&crn=1&adult=1&children=0&searchBoxArg=t&travelPurpose=0&ctm_ref=ix_sb_dl&domestic=0', 0, 'Pearl Palace Heritage Boutique Hotel is a unique way to experience \"Jaipur\" the gateway to Rajasthan , one of India\'s most vibrant and exotic destinations. Our luxury heritage boutique hotel has rooms having their own distinctive character, it revives the gracious lifestyles of India\'s legendary Rajput princes along with various art forms of India . This Heritage boutique hotel combines classic heritage with contemporary elegance . The hotel lays emphasis on quality and understated elegance. From leisure trips to business stays, our personalized services offer you unmatched charisma and world-class hospitality. For your next trip to the pink city, book your stay at the top boutique hotel in Jaipur.', 'Excellent', 5, '★★★★★', '★★★★', '★★★★★', '★★★★');
INSERT INTO `tblhotels` (`HotelID`, `CityID`, `HotelName`, `HotelAddress`, `HotelLocation`, `FreeBreakfast`, `DistanceDescription`, `RoomType`, `HotelStars`, `FreeCancellation`, `BookingComPrice`, `BookingComURL`, `TripComPrice`, `TripComURL`, `Status`, `HotelDetails`, `Filter_GuestRating`, `Filter_StarRating`, `Rating_of_HF`, `Rating_by_location`, `Rating_by_cleanliness`, `Rating_by_Service`) VALUES
(41, 2, 'Hotel Grand Lotus Inn', 'Lotus road, Nearby Ashadeep building, Mahal Rd, opposite Akshay Patra temple, Jagatpura, Jaipur, Rajasthan 302017', '<iframe src=\"https://www.google.com/maps/embed?pb=!1m18!1m12!1m3!1d3561.0930805631688!2d75.86841631496785!3d26.805164683173928!2m3!1f0!2f0!3f0!3m2!1i1024!2i768!4f13.1!3m3!1m2!1s0x396dc93e5ea7b01d%3A0x83d1c122f36534b9!2sHotel%20Grand%20Lotus%20Inn!5e0!3m2!1sen!2sin!4v1648280861532!5m2!1sen!2sin\" width=\"600\" height=\"450\" style=\"border:0;\" allowfullscreen=\"\" loading=\"lazy\" referrerpolicy=\"no-referrer-when-downgrade\"></iframe>', 0, 'just few minutes on lotus road', 0, '★★★', 0, 1190, 'https://www.booking.com/searchresults.en-gb.html?ss=Hotel+Grand+Lotus+Inn%2C+Jaipur%2C+Rajasthan%2C+India&ssne=OYO+3656+Hotel+Paradise+Continental%2C+opposite+Polo+Victory+Cinema%2C+Banipark%2C+Kanti+Nagar%2C+Sindhi+Camp%2C+Jaipur%2C+Rajasthan%2C+India&ssne_untouched=OYO+3656+Hotel+Paradise+Continental%2C+opposite+Polo+Victory+Cinema%2C+Banipark%2C+Kanti+Nagar%2C+Sindhi+Camp%2C+Jaipur%2C+Rajasthan%2C+India&label=msn-LOcHQGfA16aswDjFb7_rcw-80539252256335%3Atikwd-80539278535451%3Aloc-90%3Aneo%3Amte%3Alp155345%3Adec%3Aqsbooking+.com&sid=d58189f861dd5b31e3eb9889d5648e3b&aid=375653&lang=en-gb&sb=1&src_elem=sb&src=searchresults&dest_id=7061664&dest_type=hotel&ac_position=0&ac_click_type=b&ac_langcode=en&ac_suggestion_list_length=1&search_selected=true&search_pageview_id=6bac492baecc0059&checkin=2022-04-21&checkout=2022-04-22&group_adults=2&no_rooms=1&group_children=0&sb_travel_purpose=leisure', 1900, 'https://us.trip.com/hotels/list?city=3288&countryId=107&checkin=2022/03/17&checkout=2022/03/18&highPrice=-1&optionId=68121321&optionType=Hotel&directSearch=0&optionName=Hotel%20Grand%20Lotus%20Inn&display=Hotel%20Grand%20Lotus%20Inn&crn=1&adult=1&children=0&searchBoxArg=t&travelPurpose=0&ctm_ref=ix_sb_dl&domestic=0', 0, 'Hotel Grand Lotus inn at Jagatpura- Jaipur. a Boutique Hotel with 3 star facility like Free Parking, Garden, Free Wifi, 24 hours room service and Front desk. 24 Luxury Modern Room with Attched Bathroom. Bar and Restaurant with special modern Seating area. couple, family, corporate, wedding special price.', 'Excellent', 5, '★★★★★', '★★★★', '★★★★★', '★★★★'),
(42, 2, 'OYO 3656 Hotel Paradise Continental', '13, opposite Polo Victory Cinema, Banipark, Kanti Nagar, Sindhi Camp, Jaipur, Rajasthan 302016', '<iframe src=\"https://www.google.com/maps/embed?pb=!1m18!1m12!1m3!1d3557.3708183810063!2d75.7940971149704!3d26.923456383122925!2m3!1f0!2f0!3f0!3m2!1i1024!2i768!4f13.1!3m3!1m2!1s0x396c1c5f95555555%3A0xe8367ededab9f6bb!2sOYO%203656%20Hotel%20Paradise%20Continental!5e0!3m2!1sen!2sin!4v1648280892824!5m2!1sen!2sin\" width=\"600\" height=\"450\" style=\"border:0;\" allowfullscreen=\"\" loading=\"lazy\" referrerpolicy=\"no-referrer-when-downgrade\"></iframe>', 0, 'no info', 0, '★★', 0, 1500, 'https://www.booking.com/searchresults.en-gb.html?ss=OYO+3656+Hotel+Paradise+Continental%2C+opposite+Polo+Victory+Cinema%2C+Banipark%2C+Kanti+Nagar%2C+Sindhi+Camp%2C+Jaipur%2C+Rajasthan%2C+India&ssne=Jaipur&ssne_untouched=Jaipur&label=msn-LOcHQGfA16aswDjFb7_rcw-80539252256335%3Atikwd-80539278535451%3Aloc-90%3Aneo%3Amte%3Alp155345%3Adec%3Aqsbooking+.com&sid=d58189f861dd5b31e3eb9889d5648e3b&aid=375653&lang=en-gb&sb=1&src_elem=sb&src=searchresults&dest_id=ChIJVVVVlV8cbDkRu_a52t5-Nug&dest_type=landmark&place_id=ChIJVVVVlV8cbDkRu_a52t5-Nug&latitude=26.9234564&longitude=75.7962858&ac_position=0&ac_click_type=g&ac_langcode=en-gb&ac_suggestion_list_length=1&search_selected=true&search_pageview_id=ac4248d464190272&checkin=2022-04-21&checkout=2022-04-22&group_adults=2&no_rooms=1&group_children=0&sb_travel_purpose=leisure', 1700, 'https://us.trip.com/hotels/list?city=3288&countryId=107&checkin=2022/03/17&checkout=2022/03/18&highPrice=-1&lat=26.9234564&lon=75.79628579999999&optionType=Markland&directSearch=0&optionName=OYO%203656%20Hotel%20Paradise%20Continental&display=OYO%203656%20Hotel%20Paradise%20Continental&crn=1&adult=1&children=0&markland=OYO%203656%20Hotel%20Paradise%20Continental&searchBoxArg=t&travelPurpose=0&ctm_ref=ix_sb_dl&domestic=0', 0, 'Good Location , Good budget , Good Hospitality', 'Excellent', 5, '★★★★★', '★★★★', '★★★★★', '★★★★'),
(43, 2, 'Hotel Jaisingh Palace', 'Mirza Ismail Rd, Gopinath Marg, Jayanti Market, Pink City, Jaipur, Rajasthan 302001', '<iframe src=\"https://www.google.com/maps/embed?pb=!1m18!1m12!1m3!1d3557.5226587379957!2d75.80472151497041!3d26.91864038312511!2m3!1f0!2f0!3f0!3m2!1i1024!2i768!4f13.1!3m3!1m2!1s0x396db6aaa07886f3%3A0x9afc1550652997ca!2sHotel%20Jaisingh%20Palace!5e0!3m2!1sen!2sin!4v1648280996528!5m2!1sen!2sin\" width=\"600\" height=\"450\" style=\"border:0;\" allowfullscreen=\"\" loading=\"lazy\" referrerpolicy=\"no-referrer-when-downgrade\"></iframe>', 0, 'few kilometer from mirza ismail rd', 0, '★★★★★', 0, 5500, 'https://www.booking.com/searchresults.en-gb.html?ss=Hotel+Jaisingh+Palace%2C+Jaipur%2C+Rajasthan%2C+India&ssne=Welcom+Heritage+Traditional+Haveli%2C+Sawai+Jai+Singh+Highway%2C+Bani+Park%2C+Jaipur%2C+Rajasthan%2C+India&ssne_untouched=Welcom+Heritage+Traditional+Haveli%2C+Sawai+Jai+Singh+Highway%2C+Bani+Park%2C+Jaipur%2C+Rajasthan%2C+India&label=msn-LOcHQGfA16aswDjFb7_rcw-80539252256335%3Atikwd-80539278535451%3Aloc-90%3Aneo%3Amte%3Alp155345%3Adec%3Aqsbooking+.com&sid=d58189f861dd5b31e3eb9889d5648e3b&aid=375653&lang=en-gb&sb=1&src_elem=sb&src=searchresults&dest_id=1267647&dest_type=hotel&ac_position=0&ac_click_type=b&ac_langcode=en&ac_suggestion_list_length=1&search_selected=true&search_pageview_id=830f489cfd6a000e&checkin=2022-04-17&checkout=2022-04-18&group_adults=2&no_rooms=1&group_children=0&sb_travel_purpose=leisure', 5000, 'https://us.trip.com/hotels/list?city=3288&countryId=107&checkin=2022/03/17&checkout=2022/03/18&highPrice=-1&optionId=3726259&optionType=Hotel&directSearch=0&optionName=Hotel%20Jaisingh%20Palace&display=Hotel%20Jaisingh%20Palace&crn=1&adult=1&children=0&searchBoxArg=t&travelPurpose=0&ctm_ref=ix_sb_dl&domestic=0', 0, 'Hotel Rajasthan Palace Jaipur is known for the high end service it has been serving its visitors since 1989. Having spread its wings in Agra, Delhi and Jaipur; we are acclaimed world – wide for our services. We know that people travel to find time to relax. After a long travel they look out for the best place to rest. We take good care in serving the peace to your mind. You will find us to be the most organized Hotel in serving their hotel guests. If you have traveled by car you will find car parking. If you have covered a long distance and seek a beauty therapy you have spa, massage and other beautician services. You will be offered with mouth watering Indian food on your plates to please you. Even when one is traveling for holidays he/she would love to be in touch with the technology. You would want to access any facilities like internet you would be provided with it. We even organize gala dinner, puppet shows, art workshops or cooking workshops on our customer’s requests.', 'Excellent', 5, '★★★★★', '★★★★', '★★★★★', '★★★★'),
(44, 2, 'Welcom Heritage Traditional Haveli', 'AC-4-C, Gayatri Marg, Sawai Jai Singh Hwy, Bani Park, Jaipur, Rajasthan 302016', '<iframe src=\"https://www.google.com/maps/embed?pb=!1m18!1m12!1m3!1d3557.259851200858!2d75.7884425149705!3d26.926975483121446!2m3!1f0!2f0!3f0!3m2!1i1024!2i768!4f13.1!3m3!1m2!1s0x396db3f1994450eb%3A0xcf0d7fb70f981411!2sWelcom%20Heritage%20Traditional%20Haveli!5e0!3m2!1sen!2sin!4v1648281138496!5m2!1sen!2sin\" width=\"600\" height=\"450\" style=\"border:0;\" allowfullscreen=\"\" loading=\"lazy\" referrerpolicy=\"no-referrer-when-downgrade\"></iframe>', 0, 'on gayatri marg', 0, '★★★', 0, 2000, 'https://www.booking.com/searchresults.en-gb.html?ss=Welcom+Heritage+Traditional+Haveli%2C+Sawai+Jai+Singh+Highway%2C+Bani+Park%2C+Jaipur%2C+Rajasthan%2C+India&ssne=Man%C4%81li&ssne_untouched=Man%C4%81li&label=msn-LOcHQGfA16aswDjFb7_rcw-80539252256335%3Atikwd-80539278535451%3Aloc-90%3Aneo%3Amte%3Alp155345%3Adec%3Aqsbooking+.com&sid=d58189f861dd5b31e3eb9889d5648e3b&aid=375653&lang=en-gb&sb=1&src_elem=sb&src=searchresults&dest_id=ChIJ61BEmfGzbTkRERSYD7d_Dc8&dest_type=landmark&place_id=ChIJ61BEmfGzbTkRERSYD7d_Dc8&latitude=26.9269755&longitude=75.7906312&ac_position=0&ac_click_type=g&ac_langcode=en-gb&ac_suggestion_list_length=1&search_selected=true&search_pageview_id=5c79488756120029&checkin=2022-04-17&checkout=2022-04-18&group_adults=2&no_rooms=1&group_children=0&sb_travel_purpose=leisure', 2808, 'https://us.trip.com/hotels/list?city=3288&countryId=107&checkin=2022/03/17&checkout=2022/03/18&highPrice=-1&optionId=3648637&optionType=Hotel&directSearch=0&optionName=WelcomHeritage%20Traditional%20Haveli&display=WelcomHeritage%20Traditional%20Haveli&crn=1&adult=1&children=0&searchBoxArg=t&travelPurpose=0&ctm_ref=ix_sb_dl&domestic=0', 0, 'WelcomHeritage Traditional Haveli, Jaipur was constructed in late 1940\'s by Rai Sahib Laxmi Pati Singhania and was used as his private residence until 1956. Later in 1958, this property was sold to Badiyal Thakur, who partially used the Haveli to entertain his personal guests and later converted it into a Hotel. During 2012, the present owners, Mr. Dinesh Goyal of Lisadiya Village in Sikar district, purchased this spectacular Haveli and made some laudable up-gradations, to delight the travellers.', 'Excellent', 5, '★★★★★', '★★★★', '★★★★★', '★★★★'),
(45, 4, 'The Orchard Greens Resort & Spa', 'Log Huts Area Rd, Old Manali, Manali, Himachal Pradesh 175131', '<iframe src=\"https://www.google.com/maps/embed?pb=!1m18!1m12!1m3!1d3374.2882663305536!2d77.17649881509777!3d32.2503253811343!2m3!1f0!2f0!3f0!3m2!1i1024!2i768!4f13.1!3m3!1m2!1s0x390487e7afee4cb3%3A0x972b830f6482e15d!2sThe%20Orchard%20Greens%20Resort%20%26%20Spa!5e0!3m2!1sen!2sin!4v1648281184058!5m2!1sen!2sin\" width=\"600\" height=\"450\" style=\"border:0;\" allowfullscreen=\"\" loading=\"lazy\" referrerpolicy=\"no-referrer-when-downgrade\"></iframe>', 0, 'on log huts area road', 0, '★★★', 0, 3219, 'https://www.booking.com/searchresults.en-gb.html?ss=The+Orchard+Greens+Resort+and+Spa%2C+Man%C4%81li%2C+Himachal+Pradesh%2C+India&ssne=Nagar&ssne_untouched=Nagar&label=msn-LOcHQGfA16aswDjFb7_rcw-80539252256335%3Atikwd-80539278535451%3Aloc-90%3Aneo%3Amte%3Alp155345%3Adec%3Aqsbooking+.com&sid=d58189f861dd5b31e3eb9889d5648e3b&aid=375653&lang=en-gb&sb=1&src_elem=sb&src=searchresults&dest_id=3662838&dest_type=hotel&ac_position=0&ac_click_type=b&ac_langcode=en&ac_suggestion_list_length=1&search_selected=true&search_pageview_id=dcb7483f76b500ad&checkin=2022-04-17&checkout=2022-04-18&group_adults=2&no_rooms=1&group_children=0&sb_travel_purpose=leisure', 0, 'https://us.trip.com/hotels/list?city=9903&countryId=107&checkin=2022/03/17&checkout=2022/03/18&highPrice=-1&lat=32.2503254&lon=77.1786875&optionType=Markland&directSearch=0&crn=1&adult=1&children=0&searchBoxArg=t&travelPurpose=0&ctm_ref=ix_sb_dl&domestic=1', 0, 'The orchard green resort and spa is beyond an address. It’s a curated experience for you to make your holidays memorable. Rooms, Spas, banquet facilities, multi-cuisine restaurants and amenities are added benefits; your moments with nature is what we offer to you as our specialty. Come-Experience Manali like never before!', 'Excellent', 5, '★★★★★', '★★★★', '★★★★★', '★★★★'),
(46, 4, 'Club Mahindra White Meadows\r\n', 'Prini village, Manali Naggar Highway, Kullu District, Manali, Himachal Pradesh 175131', '<iframe src=\"https://www.google.com/maps/embed?pb=!1m18!1m12!1m3!1d3375.2745712151973!2d77.19363081509715!3d32.22377268114264!2m3!1f0!2f0!3f0!3m2!1i1024!2i768!4f13.1!3m3!1m2!1s0x39048a584b8beaff%3A0xf2ed951925fdf615!2sClub%20Mahindra%20White%20Meadows!5e0!3m2!1sen!2sin!4v1648281216293!5m2!1sen!2sin\" width=\"600\" height=\"450\" style=\"border:0;\" allowfullscreen=\"\" loading=\"lazy\" referrerpolicy=\"no-referrer-when-downgrade\"></iframe>', 0, 'prini village', 0, '★★', 0, 2500, 'https://www.booking.com/searchresults.en-gb.html?aid=375653&label=msn-LOcHQGfA16aswDjFb7_rcw-80539252256335%3Atikwd-80539278535451%3Aloc-90%3Aneo%3Amte%3Alp155345%3Adec%3Aqsbooking+.com&lang=en-gb&sid=d58189f861dd5b31e3eb9889d5648e3b&sb=1&sb_lp=1&src=index&src_elem=sb&error_url=https%3A%2F%2Fwww.booking.com%2Findex.en-gb.html%3Faid%3D375653%3Blabel%3Dmsn-LOcHQGfA16aswDjFb7_rcw-80539252256335%253Atikwd-80539278535451%253Aloc-90%253Aneo%253Amte%253Alp155345%253Adec%253Aqsbooking%2520.com%3Bsid%3Dd58189f861dd5b31e3eb9889d5648e3b%3Bsb_price_type%3Dtotal%26%3B&ss=Club+Mahindra+White+Meadows+Manali%2C+Nagar%2C+Himachal+Pradesh%2C+India&is_ski_area=&ssne=Almog%C3%ADa&ssne_untouched=Almog%C3%ADa&checkin_year=2022&checkin_month=4&checkin_monthday=17&checkout_year=2022&checkout_month=4&checkout_monthday=18&group_adults=2&group_children=0&no_rooms=1&b_h4u_keep_filters=&from_sf=1&search_pageview_id=9c39483956e00179&ac_suggestion_list_length=1&ac_suggestion_theme_list_length=0&ac_position=0&ac_langcode=en&ac_click_type=b&dest_id=1111334&dest_type=hotel&place_id_lat=32.1086&place_id_lon=77.162476&search_pageview_id=9c39483956e00179&search_selected=true&ss_raw=Club+Mahindra+White+Meadows', 2220, 'https://us.trip.com/hotels/list?city=9903&countryId=107&checkin=2022/03/17&checkout=2022/03/18&highPrice=-1&optionId=3726192&optionType=Hotel&directSearch=0&optionName=Club%20Mahindra%20White%20Meadows%20Manali&display=Club%20Mahindra%20White%20Meadows%20Manali&crn=1&adult=1&children=0&searchBoxArg=t&travelPurpose=0&ctm_ref=ix_sb_dl&domestic=0', 0, 'Club Mahindra stay was awasome to stay.....every service was excellent....food service housekeeping and all...specially mention to activity department...we enjoyed a lot with Happy hub team...shashant is a very helpful and good entertainer..we enjoyed karaoke sessions...highly recommend to club Mahindra Manali to all', 'Excellent', 5, '★★★★★', '★★★★', '★★★★★', '★★★★'),
(47, 4, 'Holiday Heights & Spa', 'Kanyal Rd, Simsa Village, Manali, Himachal Pradesh 175131', '<iframe src=\"https://www.google.com/maps/embed?pb=!1m18!1m12!1m3!1d3375.162752366999!2d77.18227331509729!3d32.226783981141686!2m3!1f0!2f0!3f0!3m2!1i1024!2i768!4f13.1!3m3!1m2!1s0x3904881a4075eaeb%3A0x689da4cb2737a954!2sHoliday%20Heights%20%26%20Spa%20Manali!5e0!3m2!1sen!2sin!4v1648281286610!5m2!1sen!2sin\" width=\"600\" height=\"450\" style=\"border:0;\" allowfullscreen=\"\" loading=\"lazy\" referrerpolicy=\"no-referrer-when-downgrade\"></iframe>', 0, 'built on a mountain face at prime location, just 4...', 0, '★★★★', 0, 6000, 'https://www.booking.com/searchresults.en-gb.html?ss=Holiday+Home+Pendle+heights%2C+Almog%C3%ADa%2C+Andaluc%C3%ADa%2C+Spain&ssne=Man%C4%81li&ssne_untouched=Man%C4%81li&label=msn-LOcHQGfA16aswDjFb7_rcw-80539262222936%3Atikwd-80539278535451%3Aloc-90%3Aneo%3Amte%3Alp155345%3Adec%3Aqsbooking+.com&sid=d58189f861dd5b31e3eb9889d5648e3b&aid=375653&lang=en-gb&sb=1&src_elem=sb&src=searchresults&dest_id=1009762&dest_type=hotel&ac_position=0&ac_click_type=b&ac_langcode=en&ac_suggestion_list_length=1&search_selected=true&search_pageview_id=81d747d4e0b801df&checkin=2022-04-17&checkout=2022-04-18&group_adults=2&no_rooms=1&group_children=0&sb_travel_purpose=leisure', 6200, 'https://us.trip.com/hotels/list?city=64610&countryId=95&checkin=2022/03/17&checkout=2022/03/18&highPrice=-1&optionId=9488663&optionType=Hotel&directSearch=0&optionName=Holiday%20Home%20Pendle%20Heights&display=Holiday%20Home%20Pendle%20Heights&crn=1&adult=1&children=0&searchBoxArg=t&travelPurpose=0&ctm_ref=ix_sb_dl&domestic=0', 0, 'Partially chalet style, Holiday Heights is only one establishment of its kind in entire Manali with modern amenities. No other hotel in Manali gets as high as this. No other hotel in this tourist town offers as wider view as Holiday Heights. A blend of modernity and Himachali traditional architectural style, Holiday Heights started its operation in 2015. An establishment with modern interior, stylish bash rooms and most rooms with private balcony overlooking the snow-clad Himalayan ranges. Holiday Heights is one of the largest properties in the region, built on a mountain face at prime', 'Excellent', 5, '★★★★★', '★★★★', '★★★★★', '★★★★'),
(48, 4, 'Zip by Spree Hotels Avishi Greens', 'simsa Dist Rangri, Manali, Himachal Pradesh 175131', '<iframe src=\"https://www.google.com/maps/embed?pb=!1m18!1m12!1m3!1d3375.2978302060146!2d77.1869913150971!3d32.22314628114282!2m3!1f0!2f0!3f0!3m2!1i1024!2i768!4f13.1!3m3!1m2!1s0x3904881f274616dd%3A0x9b478b99be00f21e!2sZip%20by%20Spree%20Hotels%20Avishi%20Greens!5e0!3m2!1sen!2sin!4v1648281316804!5m2!1sen!2sin\" width=\"600\" height=\"450\" style=\"border:0;\" allowfullscreen=\"\" loading=\"lazy\" referrerpolicy=\"no-referrer-when-downgrade\"></iframe>', 0, ' Its carefully located with a gorgeous view in ever...', 0, '★★', 0, 2500, 'https://www.booking.com/searchresults.en-gb.html?ss=Zip+by+Spree+Hotels+Avishi+Greens%2C+Man%C4%81li%2C+Himachal+Pradesh%2C+India&ssne=Sun+Park+Resort%2C+Manali%2C+Naggar+Road%2C+Left+Bank%2C+Aleo%2C+Manali%2C+Himachal+Pradesh%2C+India&ssne_untouched=Sun+Park+Resort%2C+Manali%2C+Naggar+Road%2C+Left+Bank%2C+Aleo%2C+Manali%2C+Himachal+Pradesh%2C+India&label=msn-LOcHQGfA16aswDjFb7_rcw-80539262222936%3Atikwd-80539278535451%3Aloc-90%3Aneo%3Amte%3Alp155345%3Adec%3Aqsbooking+.com&sid=d58189f861dd5b31e3eb9889d5648e3b&aid=375653&lang=en-gb&sb=1&src_elem=sb&src=searchresults&dest_id=6928071&dest_type=hotel&ac_position=0&ac_click_type=b&ac_langcode=en&ac_suggestion_list_length=1&search_selected=true&search_pageview_id=5dc747997a620024&checkin=2022-04-17&checkout=2022-04-18&group_adults=2&no_rooms=1&group_children=0&sb_travel_purpose=leisure', 3000, 'https://us.trip.com/hotels/list?city=9903&countryId=107&checkin=2022/03/17&checkout=2022/03/18&highPrice=-1&lat=32.2231463&lon=77.18918&optionType=Markland&directSearch=0&optionName=Zip%20by%20Spree%20Hotels%20Avishi%20Greens&display=Zip%20by%20Spree%20Hotels%20Avishi%20Greens&crn=1&adult=1&children=0&markland=Zip%20by%20Spree%20Hotels%20Avishi%20Greens&searchBoxArg=t&travelPurpose=0&ctm_ref=ix_sb_dl&domestic=0', 0, 'Surrounded by beauty in every direction Zip By Spree Hotels Avishi Greens in Manali, is the ideal place to be. Its carefully located with a gorgeous view in every direction, activities and adventures around every corner and with the best of Spree Hospitality, it is the most incredible place to be. The hotel has 31 rooms that are spacious and comfortable, and have tea/coffee maker, mini bar, a closet, work station, a safety locker, TV mounted on the wall and much more! There are special cottage rooms, hill view rooms, and valley rooms for you to choose from! Most of the rooms at the hotel have Balconies. There is a dedicated place for Bon Fire and also a Banquet hall wherein DJ is played on every weekend.', 'Good', 5, '★★★★★', '★★★★', '★★★★★', '★★★★'),
(49, 4, 'Sun Park Resort, Manali', 'Naggar Rd, Left Bank, Aleo, Manali, Himachal Pradesh 175131', '<iframe src=\"https://www.google.com/maps/embed?pb=!1m18!1m12!1m3!1d3374.774130461959!2d77.19272281509747!3d32.237247681138335!2m3!1f0!2f0!3f0!3m2!1i1024!2i768!4f13.1!3m3!1m2!1s0x39048800ffffffff%3A0x7367981a2e6b4c89!2sSun%20Park%20Resort!5e0!3m2!1sen!2sin!4v1648281348305!5m2!1sen!2sin\" width=\"600\" height=\"450\" style=\"border:0;\" allowfullscreen=\"\" loading=\"lazy\" referrerpolicy=\"no-referrer-when-downgrade\"></iframe>', 0, 'near aleo manali', 0, '★★★★★', 0, 3900, 'https://www.booking.com/searchresults.en-gb.html?ss=Sun+Park+Resort%2C+Manali%2C+Naggar+Road%2C+Left+Bank%2C+Aleo%2C+Manali%2C+Himachal+Pradesh%2C+India&ssne=Maldives&ssne_untouched=Maldives&label=msn-LOcHQGfA16aswDjFb7_rcw-80539262222936%3Atikwd-80539278535451%3Aloc-90%3Aneo%3Amte%3Alp155345%3Adec%3Aqsbooking+.com&sid=d58189f861dd5b31e3eb9889d5648e3b&aid=375653&lang=en-gb&sb=1&src_elem=sb&src=searchresults&dest_id=ChIJ_____wCIBDkRiUxrLhqYZ3M&dest_type=landmark&place_id=ChIJ_____wCIBDkRiUxrLhqYZ3M&latitude=32.2372477&longitude=77.1949115&ac_position=0&ac_click_type=g&ac_langcode=en-gb&ac_suggestion_list_length=1&search_selected=true&search_pageview_id=3628478506340052&checkin=2022-04-17&checkout=2022-04-18&group_adults=2&no_rooms=1&group_children=0&sb_travel_purpose=leisure', 3880, 'https://us.trip.com/hotels/list?city=9903&countryId=107&checkin=2022/03/17&checkout=2022/03/18&highPrice=-1&optionId=776304&optionType=Hotel&directSearch=0&optionName=Sun%20Park%20Resort&display=Sun%20Park%20Resort&crn=1&adult=1&children=0&searchBoxArg=t&travelPurpose=0&ctm_ref=ix_sb_dl&domestic=0', 0, 'WELCOME TO SUN PARK RESORT, MANALI Be our esteemed guest in the magical & exotic Himalayas! Offering 71 luxurious rooms & suites, Sun Park Resort Manali is a comfortable spot that makes for a smooth & relaxing stay while exploring the beauty of Manali. It is strategically located scenically on the banks of Beas River and offers fantastic views of astonishing Manali Town. Be it a family longing for a holiday or a couple on a honeymoon, a general tourist or thrilling adventurer or a business delegation for a conference, Sun Park Resort Manali becomes a ultimate choice. You may desire pleasure or business, whatsoever the needs, we ensure that our facilities and services will always provide you a wonderful experience. For years our guests come back, assimilate the surroundings flora & fauna, to experience the quiet & solitude, to scroll the gardens, to observe the smell of pine and fresh leaves in the air. At Sun Park Resort Manali, we commit ourselves passionately to your facility and provide the best benefits and rewards for the valuable money spent by yourself. Our aim is simply to create an atmosphere that allows guest to feel, “ Truly at Home – Away from Home.” We remain – here eagerly waiting to welcome precious you. Sincerely, Entire Team of Sun Park Resort', 'Excellent', 5, '★★★★★', '★★★★', '★★★★★', '★★★★'),
(50, 4, 'Honeymoon Inn', 'Left Bank, Aleo, Manali, Himachal Pradesh 175131', '<iframe src=\"https://www.google.com/maps/embed?pb=!1m18!1m12!1m3!1d3374.8987325926355!2d77.1941270150974!3d32.233893081139314!2m3!1f0!2f0!3f0!3m2!1i1024!2i768!4f13.1!3m3!1m2!1s0x390462a8375df5d1%3A0xcda3a9389dca6b0e!2sHoneymoon%20Inn!5e0!3m2!1sen!2sin!4v1648281384437!5m2!1sen!2sin\" width=\"600\" height=\"450\" style=\"border:0;\" allowfullscreen=\"\" loading=\"lazy\" referrerpolicy=\"no-referrer-when-downgrade\"></iframe>', 0, 'in Aleo manali', 0, '★★★', 0, 5000, 'https://www.booking.com/searchresults.en-gb.html?aid=375653&label=msn-LOcHQGfA16aswDjFb7_rcw-80539262222936%3Atikwd-80539278535451%3Aloc-90%3Aneo%3Amte%3Alp155345%3Adec%3Aqsbooking+.com&lang=en-gb&sid=d58189f861dd5b31e3eb9889d5648e3b&sb=1&sb_lp=1&src=index&src_elem=sb&error_url=https%3A%2F%2Fwww.booking.com%2Findex.en-gb.html%3Faid%3D375653%3Blabel%3Dmsn-LOcHQGfA16aswDjFb7_rcw-80539262222936%253Atikwd-80539278535451%253Aloc-90%253Aneo%253Amte%253Alp155345%253Adec%253Aqsbooking%2520.com%3Bsid%3Dd58189f861dd5b31e3eb9889d5648e3b%3Bsb_price_type%3Dtotal%26%3B&ss=Honeymoon+Inn+Manali%2C+Man%C4%81li%2C+Himachal+Pradesh%2C+India&is_ski_area=&ssne=Man%C4%81li&ssne_untouched=Man%C4%81li&checkin_year=2022&checkin_month=4&checkin_monthday=17&checkout_year=2022&checkout_month=4&checkout_monthday=18&group_adults=2&group_children=0&no_rooms=1&b_h4u_keep_filters=&from_sf=1&search_pageview_id=0dee45920fd6009c&ac_suggestion_list_length=3&ac_suggestion_theme_list_length=0&ac_position=0&ac_langcode=en&ac_click_type=b&dest_id=412072&dest_type=hotel&place_id_lat=32.23355&place_id_lon=77.195984&search_pageview_id=0dee45920fd6009c&search_selected=true&ss_raw=Honeymoon+Inn', 5161, 'https://us.trip.com/hotels/list?city=10251&countryId=107&checkin=2022/03/17&checkout=2022/03/18&optionId=774149&optionType=Hotel&directSearch=0&optionName=Honeymoon%20Inn&display=Honeymoon%20Inn&crn=1&adult=1&children=0&searchBoxArg=t&travelPurpose=0&ctm_ref=ix_sb_dl&domestic=0', 0, 'Just a 1 km from bus stand, the hotel commands an excellent view of the snows & the wide valleys. The extensive gardens offer a fabulous apple orchard to relax and rewind. With large windows overlooking the magnificent mountainsides, our 59 rooms create the kind of cozy atmosphere that holiday goers love. We offer a unique dinning experience combining a variety of cuisines, freshness of home food and beautiful views of the Himalayas. The hotel offers wide variety of indoor and outdoor entertainment to make your holiday exciting.', 'Very Good', 5, '★★★★★', '★★★★', '★★★★★', '★★★★'),
(51, 4, 'Abhilashi Residency & Spa Manali', 'Tehsil, Village Nasogi PO Chhiyal, Distt, Distt, Manali, Himachal Pradesh 175131', '<iframe src=\"https://www.google.com/maps/embed?pb=!1m18!1m12!1m3!1d3374.479200839222!2d77.17457051509767!3d32.245186681135905!2m3!1f0!2f0!3f0!3m2!1i1024!2i768!4f13.1!3m3!1m2!1s0x3904871ae1808c63%3A0x31301d15cb5bcfda!2sAbhilashi%20Residency%20%26%20Spa%20Manali!5e0!3m2!1sen!2sin!4v1648281413647!5m2!1sen!2sin\" width=\"600\" height=\"450\" style=\"border:0;\" allowfullscreen=\"\" loading=\"lazy\" referrerpolicy=\"no-referrer-when-downgrade\"></iframe>', 0, '	 near nasogi PO chhiya\'l', 0, '★★★', 0, 3168, 'https://www.booking.com/searchresults.en-gb.html?ss=Abhilashi+Residency+%26+Spa+Manali&ssne=Man%C4%81li&ssne_untouched=Man%C4%81li&label=msn-LOcHQGfA16aswDjFb7_rcw-80539262222936%3Atikwd-80539278535451%3Aloc-90%3Aneo%3Amte%3Alp155345%3Adec%3Aqsbooking+.com&sid=d58189f861dd5b31e3eb9889d5648e3b&aid=375653&lang=en-gb&sb=1&src_elem=sb&src=searchresults&checkin=2022-04-17&checkout=2022-04-18&group_adults=2&no_rooms=1&group_children=0&sb_travel_purpose=leisure', 3415, 'https://us.trip.com/hotels/list?city=9903&countryId=107&checkin=2022/03/17&checkout=2022/03/18&highPrice=-1&optionId=81084150&optionType=Hotel&directSearch=0&optionName=Abhilashi%20Residency%20%26%20Spa%20Manali&display=Abhilashi%20Residency%20%26%20Spa%20Manali&crn=1&adult=1&children=0&searchBoxArg=t&travelPurpose=0&ctm_ref=ix_sb_dl&domestic=0', 0, 'At Abhilashi Residency & Spa, we are committed to client satisfaction. We lead our business on happiness scores and feedback. We have evolved a long way to being one of the most loved holiday resorts in Manali. Abhilashi Residency & Spa is the Property of 21 luxury Rooms. With Spa, Gym, Sauna steam, Pool Table, Ample Parking, Rooftop Terrace and also conference hall available in the property', 'Excellent', 5, '★★★★★', '★★★★', '★★★★★', '★★★★'),
(52, 4, 'Hotel Manali', 'behind Civil hospital, Siyal, Manali, Himachal Pradesh 175131', '<iframe src=\"https://www.google.com/maps/embed?pb=!1m18!1m12!1m3!1d3374.334104681215!2d77.1837910150978!3d32.24909178113458!2m3!1f0!2f0!3f0!3m2!1i1024!2i768!4f13.1!3m3!1m2!1s0x390487fb6b7d1071%3A0x34a1180365d16487!2sHotel%20Manali%20Mahal%20by%20Hazel%20Hotels!5e0!3m2!1sen!2sin!4v1648281449856!5m2!1sen!2sin\" width=\"600\" height=\"450\" style=\"border:0;\" allowfullscreen=\"\" loading=\"lazy\" referrerpolicy=\"no-referrer-when-downgrade\"></iframe>', 0, 'near civil hotel', 0, '★★★★', 0, 5000, 'https://www.booking.com/searchresults.en-gb.html?aid=375653&label=msn-LOcHQGfA16aswDjFb7_rcw-80539252256335%3Atikwd-80539278535451%3Aloc-90%3Aneo%3Amte%3Alp155345%3Adec%3Aqsbooking+.com&lang=en-gb&sid=d58189f861dd5b31e3eb9889d5648e3b&sb=1&sb_lp=1&src=index&src_elem=sb&error_url=https%3A%2F%2Fwww.booking.com%2Findex.en-gb.html%3Faid%3D375653%3Blabel%3Dmsn-LOcHQGfA16aswDjFb7_rcw-80539252256335%253Atikwd-80539278535451%253Aloc-90%253Aneo%253Amte%253Alp155345%253Adec%253Aqsbooking%2520.com%3Bsid%3Dd58189f861dd5b31e3eb9889d5648e3b%3Bsb_price_type%3Dtotal%26%3B&ss=Hotel+Himgiri+Manali%2C+Man%C4%81li%2C+Himachal+Pradesh%2C+India&is_ski_area=&ssne=Man%C4%81li&ssne_untouched=Man%C4%81li&checkin_year=2022&checkin_month=4&checkin_monthday=17&checkout_year=2022&checkout_month=4&checkout_monthday=18&group_adults=1&group_children=0&no_rooms=1&b_h4u_keep_filters=&from_sf=1&search_pageview_id=f90245057e67004c&ac_suggestion_list_length=5&ac_suggestion_theme_list_length=0&ac_position=0&ac_langcode=en&ac_click_type=b&dest_id=6916351&dest_type=hotel&place_id_lat=32.244358&place_id_lon=77.18795&search_pageview_id=f90245057e67004c&search_selected=true&ss_raw=Hotel+Manali', 4900, 'https://www.trip.com/hotels/list?city=74963&countryId=107&checkin=2022/04/17&checkout=2022/04/18&optionId=22796138&optionType=Hotel&directSearch=0&optionName=Hotel%20Manali&display=Hotel%20Manali&crn=1&adult=1&children=0&travelPurpose=0&ctm_ref=ix_sb_dl&domestic=0', 0, 'good hotel', 'Excellent', 5, '★★★★★', '★★★★', '★★★★★', '★★★★'),
(53, 4, 'The Whitestone Resorts', 'Hamta Road, Prini, Manali, Himachal Pradesh 175143', '<iframe src=\"https://www.google.com/maps/embed?pb=!1m18!1m12!1m3!1d3375.3219093715693!2d77.19786031509713!3d32.222497781143026!2m3!1f0!2f0!3f0!3m2!1i1024!2i768!4f13.1!3m3!1m2!1s0x390462a037180ca1%3A0x7cb503735703ca5f!2sThe%20Whitestone%20Resorts!5e0!3m2!1sen!2sin!4v1648281480769!5m2!1sen!2sin\" width=\"600\" height=\"450\" style=\"border:0;\" allowfullscreen=\"\" loading=\"lazy\" referrerpolicy=\"no-referrer-when-downgrade\"></iframe>', 0, 'just 3 kms from Manali town on Hamta road', 0, '★★★', 0, 6457, 'https://www.booking.com/searchresults.en-gb.html?ss=The+Whitestone+Resorts%2C+Man%C4%81li%2C+Himachal+Pradesh%2C+India&ssne=Man%C4%81li&ssne_untouched=Man%C4%81li&label=msn-LOcHQGfA16aswDjFb7_rcw-80539252256335%3Atikwd-80539278535451%3Aloc-90%3Aneo%3Amte%3Alp155345%3Adec%3Aqsbooking+.com&sid=d58189f861dd5b31e3eb9889d5648e3b&aid=375653&lang=en-gb&sb=1&src_elem=sb&src=searchresults&dest_id=5740513&dest_type=hotel&ac_position=0&ac_click_type=b&ac_langcode=en&ac_suggestion_list_length=1&search_selected=true&search_pageview_id=fa6a4520c2350013&checkin=2022-04-17&checkout=2022-04-18&group_adults=1&no_rooms=1&group_children=0&sb_travel_purpose=leisure', 6500, 'https://us.trip.com/hotels/cityname-hotel-detail-10146343/hotelname/?checkin=2022-03-24&checkout=2022-03-25&adult=1&crn=1', 0, 'The Whitestone Resorts & Cottages is a luxury mountain resort to holiday or vacation located in a beautiful mountainous area of manali. The extravagance of this luxury mountain resort in Manali is unique in every sense and cannot be experienced anywhere else in Manali. Situated amidst magnificent mountainfront gardens, the resort is located within the majestic Himalayan ranges of Manali in Prini, which is just 3 kms from Manali town on Hamta road. It offers a great combination of comfort, style and unique local flavour.', 'Excellent', 5, '★★★★★', '★★★★', '★★★★★', '★★★★'),
(54, 0, 'Snow Valley Resorts, Manali', 'Log Hut Area, Manali, Himachal Pradesh 175131', '<iframe src=\"https://www.google.com/maps/embed?pb=!1m18!1m12!1m3!1d3374.282276313798!2d77.17533141509784!3d32.25048658113419!2m3!1f0!2f0!3f0!3m2!1i1024!2i768!4f13.1!3m3!1m2!1s0x390487e5d53284a1%3A0x289892bc86cb3f8e!2sSnow%20Valley%20Resorts%2C%20Manali!5e0!3m2!1sen!2sin!4v1648281509820!5m2!1sen!2sin\" width=\"600\" height=\"450\" style=\"border:0;\" allowfullscreen=\"\" loading=\"lazy\" referrerpolicy=\"no-referrer-when-downgrade\"></iframe>', 0, '02 Kilometres from Manali Bus Stand', 0, '★★★', 0, 4700, 'https://www.booking.com/searchresults.en-gb.html?ss=Snow+Valley+Resorts+%26amp;+Spa+Manali%2C+Man%C4%81li%2C+Himachal+Pradesh%2C+India&ssne=New+Delhi&ssne_untouched=New+Delhi&label=msn-LOcHQGfA16aswDjFb7_rcw-80539252256335%3Atikwd-80539278535451%3Aloc-90%3Aneo%3Amte%3Alp157075%3Adec%3Aqsbooking+.com&sid=d58189f861dd5b31e3eb9889d5648e3b&aid=375653&lang=en-gb&sb=1&src_elem=sb&src=searchresults&dest_id=402817&dest_type=hotel&ac_position=0&ac_click_type=b&ac_langcode=en&ac_suggestion_list_length=1&search_selected=true&search_pageview_id=b962635e26de02ab&checkin=2022-04-18&checkout=2022-04-19&group_adults=1&no_rooms=1&group_children=0&sb_travel_purpose=leisure', 4873, 'https://www.trip.com/hotels/list?city=9903&countryId=107&checkin=2022/04/17&checkout=2022/04/18&highPrice=-1&optionId=3064584&optionType=Hotel&directSearch=0&optionName=Snow%20Valley%20Resorts&display=Snow%20Valley%20Resorts&crn=1&adult=1&children=0&searchBoxArg=t&travelPurpose=0&ctm_ref=ix_sb_dl&domestic=0', 0, 'Snow Valley Resorts is an enchanting hideaway surrounded by breathtaking snow capped Himalayan Mountains and lush green pinewood forests in the picturesque town of Manali, in India’s Himachal Pradesh province. The resort is the largest in the charming Log Hut area which is just 02 Kilometres from Manali Bus Stand and is surrounded by vast expanse of the apple orchards and offers wonderfully fresh, clean air.Relax in this elegant luxury mountainside hotel offering 52 rooms and suites that bask in the daytime sunshine creating a warm and welcoming retreat. The tasteful accommodation has local design touches with rich colours, wooden floors and plush furnishings along with modern amenities and optional stunning views.The resort facilities allow guests to dine in style overlooking fabulous landscapes at the Valley View Restaurant, The Orchard and The Terrace. Fun activities take place in the games room and the conference hall can host large events and meetings. Outside the resort there is a whole range of sports and adventure activities to join from River Rafting and Skiing to Gondola Rides .', 'Excellent', 5, '★★★★★', '★★★★', '★★★★★', '★★★★'),
(55, 6, 'Crowne Plaza New Delhi', 'Plot No. 1 Community Centre, Okhla I, Okhla, New Delhi, Delhi 110020', '<iframe src=\"https://www.google.com/maps/embed?pb=!1m18!1m12!1m3!1d3498.989115758797!2d77.10758361501108!3d28.719871282383373!2m3!1f0!2f0!3f0!3m2!1i1024!2i768!4f13.1!3m3!1m2!1s0x390d01c9754c19dd%3A0x5c7a8a29abe998d2!2sCrowne%20Plaza%20New%20Delhi%20Rohini%2C%20an%20IHG%20Hotel!5e0!3m2!1sen!2sin!4v1648281540965!5m2!1sen!2sin\" width=\"600\" height=\"450\" style=\"border:0;\" allowfullscreen=\"\" loading=\"lazy\" referrerpolicy=\"no-referrer-when-downgrade\"></iframe>', 0, 'A promising landmark of North West Delhi, Crowne P...', 1, '★★★★★', 0, 1650, 'https://www.booking.com/hotel/in/crowne-plaza-new-delhi-rohini.en-gb.html', 1800, 'https://www.makemytrip.com/hotels/crowne_plaza_okhla-details-delhi.html', 0, 'A promising landmark of North West Delhi, Crowne Plaza New Delhi Rohini offers facilities and amenities ensuring seamless conduct of business requirements, by extending warm service to business and leisure travellers. The hotel has 50,750 sq. ft. meeting space, one of the largest in Delhi/NCR, with an attractive choice of indoor / outdoor venues. These venues are ideal for conferences, events, weddings and other social functions accommodating up to 2000 people. The 183-room hotel offers modern in-room facilities along with a wide range of dining and relaxation options. The hotel has an award winning Indian specialty restaurant, Spice Art, an all-day dining restaurant, Mosaic, a bar ConneXions with an exclusive wine cellar and a pastry shop, Deli. It also has a relaxation spa, Adya (specializing in Asian and European therapies) comprising of therapy rooms, a unisex salon, a well-equipped gym and an outdoor swimming pool. The hotel\'s close proximity to shopping complexes, local entertainment attractions and educational institutions makes it the North West Delhi’s preferred destination to meet and celebrate.', 'Good', 5, '★★★★★', '★★★★', '★★★★★', '★★★★'),
(56, 6, 'Taj Palace, New Delhi', 'Nh 8, near Mahipalpur Extension, Block R, Mahipalpur Village, Mahipalpur, New Delhi, Delhi 110037', '<iframe src=\"https://www.google.com/maps/embed?pb=!1m18!1m12!1m3!1d3503.154891151761!2d77.16866011500821!3d28.595129782432473!2m3!1f0!2f0!3f0!3m2!1i1024!2i768!4f13.1!3m3!1m2!1s0x390d1d155a5030a7%3A0xefa48735ea5496eb!2sTaj%20Palace%2C%202%2C%20Sardar%20Patel%20Marg%2C%20Diplomatic%20Enclave%2C%20Chanakyapuri%2C%20New%20Delhi%2C%20Delhi%20110021!5e0!3m2!1sen!2sin!4v1648281570449!5m2!1sen!2sin\" width=\"600\" height=\"450\" style=\"border:0;\" allowfullscreen=\"\" loading=\"lazy\" referrerpolicy=\"no-referrer-when-downgrade\"></iframe>', 0, 'Near mahipalpur', 0, '★★★★★', 0, 10688, 'https://www.booking.com/searchresults.en-gb.html?ss=Taj+Palace%2C+New+Delhi%2C+New+Delhi%2C+Delhi+NCR%2C+India&ssne=New+Delhi&ssne_untouched=New+Delhi&label=msn-LOcHQGfA16aswDjFb7_rcw-80539252256335%3Atikwd-80539278535451%3Aloc-90%3Aneo%3Amte%3Alp157075%3Adec%3Aqsbooking+.com&sid=d58189f861dd5b31e3eb9889d5648e3b&aid=375653&lang=en-gb&sb=1&src_elem=sb&src=searchresults&dest_id=74729&dest_type=hotel&ac_position=0&ac_click_type=b&ac_langcode=en&ac_suggestion_list_length=1&search_selected=true&search_pageview_id=e05b61e2cfff00fd&checkin=2022-04-18&checkout=2022-04-19&group_adults=1&no_rooms=1&group_children=0&sb_travel_purpose=leisure', 8200, 'https://www.trip.com/hotels/list?city=495&countryId=107&checkin=2022/04/17&checkout=2022/04/18&highPrice=-1&optionId=758417&optionType=Hotel&directSearch=0&optionName=Taj%20Palace%2C%20New%20Delhi&display=Taj%20Palace%2C%20New%20Delhi&crn=1&adult=1&children=0&searchBoxArg=t&travelPurpose=0&ctm_ref=ix_sb_dl&domestic=0', 0, 'Nestled amidst the heart of the historic Indian capital city, the iconic Taj Palace, New Delhi has held a distinguished position amongst the finest hotels of the world for close to four decades. Spread over six acres of lush gardens, the landmark hotel is synonymous with timeless luxury and unmatched hospitality. With panoramic views of the city\'s verdant protected greens, the hotel offers an inimitable confluence of epitomising elements of Indian art, warm, personalised service and unmatched luxury. Four award-winning restaurants featuring an array of cuisines from across the world, a stylish bar, nine-hole putting greens, a temperature-controlled swimming pool and an expansive Jiva Spa make Taj Palace, New Delhi, a true urban oasis. In line with our sustainability efforts, a highly specialised electronic air filtration system helps maintain the air quality in the hotel, as per international AQI standards, so that you only breathe the purest air. Indulge yourself with personalised butler service, exclusive access to the Taj Club Lounge and other special privileges when you stay in our Taj Club Rooms and Suites.', 'Excellent', 5, '★★★★★', '★★★★', '★★★★★', '★★★★'),
(57, 6, 'The Umrao', 'National Highway 48, Rajokri Rd, D Block, 6:Samalkha, New Delhi, Delhi 110037', '<iframe src=\"https://www.google.com/maps/embed?pb=!1m18!1m12!1m3!1d3505.4729435200784!2d77.09644921508016!3d28.52550098246014!2m3!1f0!2f0!3f0!3m2!1i1024!2i768!4f13.1!3m3!1m2!1s0x390d1bff28c77efd%3A0x4d6ad440a8d8385e!2sThe%20Umrao!5e0!3m2!1sen!2sin!4v1647529689214!5m2!1sen!2sin\" width=\"600\" height=\"450\" style=\"border:0;\" allowfullscreen=\"\" loading=\"lazy\"></iframe>', 0, 'On national highway', 0, '★★★★★', 0, 8000, 'https://www.booking.com/hotel/in/the-umrao-hotels-amp-resorts.en-gb.html?aid=375653;label=msn-LOcHQGfA16aswDjFb7_rcw-80539252256335%3Atikwd-80539278535451%3Aloc-90%3Aneo%3Amte%3Alp157075%3Adec%3Aqsbooking%20.com;sid=d58189f861dd5b31e3eb9889d5648e3b;all_sr_blocks=42874901_277208318_0_41_0;checkin=2022-04-18;checkout=2022-04-19;dest_id=428749;dest_type=hotel;dist=0;group_adults=1;group_children=0;hapos=1;highlighted_blocks=42874901_277208318_0_41_0;hpos=1;matching_block_id=42874901_277208318_0_41_0;no_rooms=1;req_adults=1;req_children=0;room1=A;sb_price_type=total;sr_order=popularity;sr_pri_blocks=42874901_277208318_0_41_0__800000;srepoch=1647438919;srpvid=e05b61e2cfff00fd;type=total;ucfs=1&#hotelTmpl', 7920, 'https://www.trip.com/hotels/list?city=495&countryId=107&checkin=2022/04/17&checkout=2022/04/18&optionId=2503323&optionType=Hotel&directSearch=0&optionName=The%20Umrao&display=The%20Umrao&crn=1&adult=1&children=0&travelPurpose=0&ctm_ref=ix_sb_dl&domestic=0', 0, 'The Umrao Hotel & Resort is a luxury boutique hotel located on National Highway-8 with easy access to domestic and international Airport, designed to cater to the discerning business traveller. Sitting regally yet lightly on 15-acre manicured greens, the boutique hotel is a brand to reckon with. It combines classical architectural exterior design with contemporary warm interiors. The stunning exteriors with intricate decor envelop guests in a royal mystique. The Umrao is an ideal place for product launches to destination dream wedding with lavish option of customized events for memorable moments at its large banquets with grand setups with 55 well appointed guest rooms.', 'Excellent', 5, '★★★★★', '★★★★', '★★★★★', '★★★★'),
(58, 6, 'Jaypee Siddharth - 5 Star Luxury Hotels in Delhi', '3, Rajendra Place, New Delhi, Delhi 110008', '<iframe src=\"https://www.google.com/maps/embed?pb=!1m18!1m12!1m3!1d3501.5739606397547!2d77.17357931500925!3d28.642528282413895!2m3!1f0!2f0!3f0!3m2!1i1024!2i768!4f13.1!3m3!1m2!1s0x390d02958bb2a163%3A0xac63f04c09e6359a!2sJaypee%20Siddharth%20-%205%20Star%20Luxury%20Hotels%20in%20Delhi!5e0!3m2!1sen!2sin!4v1648281606897!5m2!1sen!2sin\" width=\"600\" height=\"450\" style=\"border:0;\" allowfullscreen=\"\" loading=\"lazy\" referrerpolicy=\"no-referrer-when-downgrade\"></iframe>', 0, '5 kilmeter from railway station', 0, '★★★★★', 0, 6000, 'https://www.booking.com/hotel/in/jaypee-siddharth.en-gb.html?aid=357028;label=bin859jc-1FCAsobEITaHlhdHQtcmVnZW5jeS1kZWxoaUgzWANobIgBAZgBCbgBF8gBDNgBAegBAfgBDIgCAagCA7gCuo64kQbAAgHSAiRkNWYxMDE0My00YzE4LTRjMzEtOWQ1YS02YWVmMDZiNTRiZjHYAgbgAgE;sid=421874fb84d643b774f16f4e513fc871;all_sr_blocks=30829701_343659985_0_42_0;checkin=2022-04-17;checkout=2022-04-18;dist=0;group_adults=1;group_children=0;hapos=2;highlighted_blocks=30829701_343659985_0_42_0;hpos=2;matching_block_id=30829701_343659985_0_42_0;no_rooms=1;req_adults=1;req_children=0;room1=A;sb_price_type=total;sr_order=distance_from_search;sr_pri_blocks=30829701_343659985_0_42_0__600000;srepoch=1647184466;srpvid=99096b28d1c101d2;type=total;ucfs=1&#hotelTmpl', 6200, 'https://www.trip.com/hotels/list?city=495&countryId=107&checkin=2022/04/17&checkout=2022/04/18&highPrice=-1&barCurr=USD&lat=28.6425283&lon=77.17576799999999&optionType=Markland&directSearch=0&optionName=Jaypee%20Siddharth%20-%205%20Star%20Luxury%20Hotels%20in%20Delhi&display=Jaypee%20Siddharth%20-%205%20Star%20Luxury%20Hotels%20in%20Delhi&crn=1&adult=1&children=0&markland=Jaypee%20Siddharth%20-%205%20Star%20Luxury%20Hotels%20in%20Delhi&searchBoxArg=t&travelPurpose=0&ctm_ref=ix_sb_dl&domestic=0', 0, 'Comfort and elegance define the Jaypee Siddharth. Geared to take care of the seasoned business traveller, this contemporary hotel provides customers with every amenity for success. The hotel effortlessly blends 5-star opulence with conference facilities to provide you never-before experience.', 'Excellent', 5, '★★★★★', '★★★★', '★★★★★', '★★★★'),
(59, 6, 'Lemon Tree Premier, Delhi Airport', 'Indira Gandhi International Airport, Asset No. 6, Aerocity Hospitality District, 6, Northern Access Rd, Aerocity, New Delhi, Delhi 110037', '<iframe src=\"https://www.google.com/maps/embed?pb=!1m18!1m12!1m3!1d3504.6037245649663!2d77.11853221500718!3d28.5516284824498!2m3!1f0!2f0!3f0!3m2!1i1024!2i768!4f13.1!3m3!1m2!1s0x390d1c69416daba5%3A0xd37ac0c50e6f64bc!2sLemon%20Tree%20Premier%2C%20Delhi%20Airport!5e0!3m2!1sen!2sin!4v1648281635537!5m2!1sen!2sin\" width=\"600\" height=\"450\" style=\"border:0;\" allowfullscreen=\"\" loading=\"lazy\" referrerpolicy=\"no-referrer-when-downgrade\"></iframe>', 0, 'Lemon Tree Premier, Delhi Airport is 4 kms away fr...', 0, '★★★★★', 0, 6047, 'https://www.booking.com/searchresults.en-gb.html?aid=357028&label=bin859jc-1FCAsobEITaHlhdHQtcmVnZW5jeS1kZWxoaUgzWANobIgBAZgBCbgBF8gBDNgBAegBAfgBDIgCAagCA7gCuo64kQbAAgHSAiRkNWYxMDE0My00YzE4LTRjMzEtOWQ1YS02YWVmMDZiNTRiZjHYAgbgAgE&lang=en-gb&sid=421874fb84d643b774f16f4e513fc871&sb=1&src=searchresults&src_elem=sb&error_url=https%3A%2F%2Fwww.booking.com%2Fsearchresults.en-gb.html%3Faid%3D357028%3Blabel%3Dbin859jc-1FCAsobEITaHlhdHQtcmVnZW5jeS1kZWxoaUgzWANobIgBAZgBCbgBF8gBDNgBAegBAfgBDIgCAagCA7gCuo64kQbAAgHSAiRkNWYxMDE0My00YzE4LTRjMzEtOWQ1YS02YWVmMDZiNTRiZjHYAgbgAgE%3Bsid%3D421874fb84d643b774f16f4e513fc871%3Btmpl%3Dsearchresults%3Bac_click_type%3Dg%3Bcheckin_month%3D4%3Bcheckin_monthday%3D17%3Bcheckin_year%3D2022%3Bcheckout_month%3D4%3Bcheckout_monthday%3D18%3Bcheckout_year%3D2022%3Bclass_interval%3D1%3Bdtdisc%3D0%3Bfrom_sf%3D1%3Bgroup_adults%3D1%3Bgroup_children%3D0%3Binac%3D0%3Bindex_postcard%3D0%3Blabel_click%3Dundef%3Bno_rooms%3D1%3Boffset%3D0%3Bplace_id%3DChIJ7yY1S0AcDTkRZIaCEtrF_-A%3Bplace_id_lat%3D28.5484442%3Bplace_id_lon%3D77.1268473%3Bpostcard%3D0%3Braw_dest_type%3Dlandmark%3Broom1%3DA%3Bsb_price_type%3Dtotal%3Bsearch_selected%3D1%3Bshw_aparth%3D1%3Bslp_r_match%3D0%3Bsrc%3Dsearchresults%3Bsrc_elem%3Dsb%3Bsrpvid%3Dcbdb6a8b25d00107%3Bss%3DTaurus%2520Sarovar%2520Portico%2520Hotel%252C%2520New%2520Delhi%252C%2520Gurgaon%2520-%2520Delhi%2520Expressway%252C%2520Block%2520B%252C%2520Mahipalpur%2520Extension%252C%2520Mahipalpur%252C%2520New%2520Delhi%252C%2520Delhi%252C%2520India%3Bss_all%3D0%3Bss_raw%3DTaurus%2520Sarovar%2520Portico%2520Hotel%252C%2520New%2520Delhi%3Bssb%3Dempty%3Bsshis%3D0%3Bssne%3DNew%2520Delhi%3Bssne_untouched%3DNew%2520Delhi%26%3B&highlighted_hotels=342665&ss=Lemon+Tree+Premier%2C+Delhi+Airport%2C+New+Delhi%2C+Delhi+NCR%2C+India&is_ski_area=&ssne=Taurus+Sarovar+Portico+Hotel%2C+New+Delhi%2C+Gurgaon+-+Delhi+Expressway%2C+Block+B%2C+Mahipalpur+Extension%2C+Mahipalpur%2C+New+Delhi%2C+Delhi%2C+India&ssne_untouched=Taurus+Sarovar+Portico+Hotel%2C+New+Delhi%2C+Gurgaon+-+Delhi+Expressway%2C+Block+B%2C+Mahipalpur+Extension%2C+Mahipalpur%2C+New+Delhi%2C+Delhi%2C+India&checkin_year=2022&checkin_month=4&checkin_monthday=17&checkout_year=2022&checkout_month=4&checkout_monthday=18&group_adults=1&group_children=0&no_rooms=1&from_sf=1&sr_change_search=1&search_pageview_id=cbdb6a8b25d00107&ac_suggestion_list_length=1&ac_suggestion_theme_list_length=0&ac_position=0&ac_langcode=en&ac_click_type=b&dest_id=439042&dest_type=hotel&place_id_lat=28.551975&place_id_lon=77.12061&search_pageview_id=cbdb6a8b25d00107&search_selected=true&ss_raw=Lemon+Tree+Premier%2C+Delhi+Airport', 6000, 'https://www.trip.com/hotels/list?city=495&countryId=107&checkin=2022/04/17&checkout=2022/04/18&highPrice=-1&barCurr=USD&optionId=1519233&optionType=Hotel&directSearch=0&optionName=Lemon%20Tree%20Premier%2C%20Delhi%20Airport&display=Lemon%20Tree%20Premier%2C%20Delhi%20Airport&crn=1&adult=1&children=0&searchBoxArg=t&travelPurpose=0&ctm_ref=ix_sb_dl&domestic=0', 0, 'Also, the hotel is just a kilometre away from the Aerocity Metro Station which gives you easy access to the corporate and commercial hubs of Delhi and Gurugram. It also lies in close proximity to various entertainment and shopping destinations of the city. The plush and spacious interiors at the new Lemon Tree Premier, Delhi Airport take the zing up a notch. This chain of Upper Midscale business and leisure hotels elevates the Lemon Tree experience while retaining the same freshness, quirkiness and energy that Lemon Tree is well known for. Lemon Tree Premier pampers the style conscious and upbeat traveler with its personalized services, premium in-room amenities, award winning restaurants and fun experiences.', 'Excellent', 5, '★★★★★', '★★★★', '★★★★★', '★★★★');
INSERT INTO `tblhotels` (`HotelID`, `CityID`, `HotelName`, `HotelAddress`, `HotelLocation`, `FreeBreakfast`, `DistanceDescription`, `RoomType`, `HotelStars`, `FreeCancellation`, `BookingComPrice`, `BookingComURL`, `TripComPrice`, `TripComURL`, `Status`, `HotelDetails`, `Filter_GuestRating`, `Filter_StarRating`, `Rating_of_HF`, `Rating_by_location`, `Rating_by_cleanliness`, `Rating_by_Service`) VALUES
(60, 6, 'Taurus Sarovar Portico Hotel, New Delhi', 'Igi Airport Road, Gurgaon - Delhi Expy, Mahipalpur Extension, Mahipalpur, New Delhi, Delhi 110037', '<iframe src=\"https://www.google.com/maps/embed?pb=!1m18!1m12!1m3!1d3504.7096999896503!2d77.12465861500709!3d28.548444182451032!2m3!1f0!2f0!3f0!3m2!1i1024!2i768!4f13.1!3m3!1m2!1s0x390d1c404b3526ef%3A0xe0ffc5da12828664!2sTaurus%20Sarovar%20Portico%20Hotel%2C%20New%20Delhi!5e0!3m2!1sen!2sin!4v1648281693635!5m2!1sen!2sin\" width=\"600\" height=\"450\" style=\"border:0;\" allowfullscreen=\"\" loading=\"lazy\" referrerpolicy=\"no-referrer-when-downgrade\"></iframe>', 0, 'It is a transit hotel situated merely 4 km from both the airports of Delhi; off the Delhi -Jaipur National Highway no. 08; at Mahipalpur Extension.', 0, '★★★', 0, 3400, 'https://www.booking.com/searchresults.en-gb.html?aid=357028&label=bin859jc-1FCAsobEITaHlhdHQtcmVnZW5jeS1kZWxoaUgzWANobIgBAZgBCbgBF8gBDNgBAegBAfgBDIgCAagCA7gCuo64kQbAAgHSAiRkNWYxMDE0My00YzE4LTRjMzEtOWQ1YS02YWVmMDZiNTRiZjHYAgbgAgE&lang=en-gb&sid=421874fb84d643b774f16f4e513fc871&sb=1&src=searchresults&src_elem=sb&error_url=https%3A%2F%2Fwww.booking.com%2Fsearchresults.en-gb.html%3Faid%3D357028%3Blabel%3Dbin859jc-1FCAsobEITaHlhdHQtcmVnZW5jeS1kZWxoaUgzWANobIgBAZgBCbgBF8gBDNgBAegBAfgBDIgCAagCA7gCuo64kQbAAgHSAiRkNWYxMDE0My00YzE4LTRjMzEtOWQ1YS02YWVmMDZiNTRiZjHYAgbgAgE%3Bsid%3D421874fb84d643b774f16f4e513fc871%3Btmpl%3Dsearchresults%3Bcheckin_month%3D4%3Bcheckin_monthday%3D17%3Bcheckin_year%3D2022%3Bcheckout_month%3D4%3Bcheckout_monthday%3D18%3Bcheckout_year%3D2022%3Bclass_interval%3D1%3Bdtdisc%3D0%3Bfrom_sf%3D1%3Bgroup_adults%3D1%3Bgroup_children%3D0%3Bhighlighted_hotels%3D342665%3Binac%3D0%3Bindex_postcard%3D0%3Blabel_click%3Dundef%3Bno_rooms%3D1%3Boffset%3D0%3Bpostcard%3D0%3Broom1%3DA%3Bsb_price_type%3Dtotal%3Bsearch_pageview_id%3D54bb6a49360800e4%3Bshw_aparth%3D1%3Bslp_r_match%3D0%3Bsrc%3Dsearchresults%3Bsrc_elem%3Dsb%3Bsrpvid%3Dca5e6a849451001e%3Bss%3DTaurus%2520Sarovar%2520Portico%2520Hotel%252C%2520New%2520Delhi%3Bss_all%3D0%3Bss_raw%3DTaurus%2520Sarovar%2520Portico%2520Hotel%252C%2520New%2520Delhi%3Bssb%3Dempty%3Bsshis%3D0%3Bssne%3DHotel%2520Bright%252C%2520Shankar%2520Market%252C%2520Block%2520M%252C%2520Connaught%2520Place%252C%2520New%2520Delhi%252C%2520Delhi%252C%2520India%3Bssne_untouched%3DHotel%2520Bright%252C%2520Shankar%2520Market%252C%2520Block%2520M%252C%2520Connaught%2520Place%252C%2520New%2520Delhi%252C%2520Delhi%252C%2520India%26%3B&highlighted_hotels=342665&ss=Taurus+Sarovar+Portico+Hotel%2C+New+Delhi%2C+Gurgaon+-+Delhi+Expressway%2C+Block+B%2C+Mahipalpur+Extension%2C+Mahipalpur%2C+New+Delhi%2C+Delhi%2C+India&is_ski_area=&ssne=New+Delhi&ssne_untouched=New+Delhi&city=-2106102&checkin_year=2022&checkin_month=4&checkin_monthday=17&checkout_year=2022&checkout_month=4&checkout_monthday=18&group_adults=1&group_children=0&no_rooms=1&from_sf=1&sr_change_search=1&ac_position=1&ac_click_type=g&dest_id=ChIJ7yY1S0AcDTkRZIaCEtrF_-A&dest_type=landmark&place_id=ChIJ7yY1S0AcDTkRZIaCEtrF_-A&place_id_lat=28.5484442&place_id_lon=77.1268473&place_types=lodging%2Cpoint_of_interest%2Cestablishment&search_pageview_id=ca5e6a849451001e&search_selected=true&ss_raw=Taurus+Sarovar+Portico+Hotel%2C+New+Delhi', 3837, 'https://www.trip.com/hotels/list?city=495&countryId=107&checkin=2022/04/17&checkout=2022/04/18&highPrice=-1&barCurr=USD&optionId=3054881&optionType=Hotel&directSearch=0&optionName=Taurus%20Sarovar%20Portico&display=Taurus%20Sarovar%20Portico&crn=1&adult=1&children=0&searchBoxArg=t&travelPurpose=0&ctm_ref=ix_sb_dl&domestic=0', 0, 'Its a 2 star hotel with 83 rooms, bar, coffee shop and specialty restaurant. It has got 3 banquet halls with total area of 11000 sq ft. It is a transit hotel situated merely 4 km from both the airports of Delhi; off the Delhi -Jaipur National Highway no. 08; at Mahipalpur Extension.', 'Excellent', 5, '★★★★★', '★★★★', '★★★★★', '★★★★'),
(61, 6, 'Hotel Bright', 'M – 85, (outer circle) Connaught Place, Opp. Super Bazar, New Delhi, Delhi 110001', '<iframe src=\"https://www.google.com/maps/embed?pb=!1m18!1m12!1m3!1d7003.767755202984!2d77.21821883488767!3d28.633242200000016!2m3!1f0!2f0!3f0!3m2!1i1024!2i768!4f13.1!3m3!1m2!1s0x390cfd3731a58a0b%3A0xa2867c1e93291485!2sHotel%20Bright!5e0!3m2!1sen!2sin!4v1648281726220!5m2!1sen!2sin\" width=\"600\" height=\"450\" style=\"border:0;\" allowfullscreen=\"\" loading=\"lazy\" referrerpolicy=\"no-referrer-when-downgrade\"></iframe>', 0, 'While staying at Hotel Bright, visitors can check ...', 0, '★★★★', 0, 3500, 'https://www.booking.com/searchresults.en-gb.html?aid=357028&label=bin859jc-1FCAsobEITaHlhdHQtcmVnZW5jeS1kZWxoaUgzWANobIgBAZgBCbgBF8gBDNgBAegBAfgBDIgCAagCA7gCuo64kQbAAgHSAiRkNWYxMDE0My00YzE4LTRjMzEtOWQ1YS02YWVmMDZiNTRiZjHYAgbgAgE&lang=en-gb&sid=421874fb84d643b774f16f4e513fc871&sb=1&src=searchresults&src_elem=sb&error_url=https%3A%2F%2Fwww.booking.com%2Fsearchresults.en-gb.html%3Faid%3D357028%3Blabel%3Dbin859jc-1FCAsobEITaHlhdHQtcmVnZW5jeS1kZWxoaUgzWANobIgBAZgBCbgBF8gBDNgBAegBAfgBDIgCAagCA7gCuo64kQbAAgHSAiRkNWYxMDE0My00YzE4LTRjMzEtOWQ1YS02YWVmMDZiNTRiZjHYAgbgAgE%3Bsid%3D421874fb84d643b774f16f4e513fc871%3Btmpl%3Dsearchresults%3Bac_click_type%3Db%3Bac_position%3D1%3Bcheckin_month%3D4%3Bcheckin_monthday%3D17%3Bcheckin_year%3D2022%3Bcheckout_month%3D4%3Bcheckout_monthday%3D18%3Bcheckout_year%3D2022%3Bcity%3D-2106102%3Bclass_interval%3D1%3Bdest_id%3D2787608%3Bdest_type%3Dhotel%3Bdtdisc%3D0%3Bfrom_sf%3D1%3Bgroup_adults%3D1%3Bgroup_children%3D0%3Bhighlighted_hotels%3D342665%3Bhp_sbox%3D1%3Binac%3D0%3Bindex_postcard%3D0%3Blabel_click%3Dundef%3Bno_rooms%3D1%3Boffset%3D0%3Bpostcard%3D0%3Braw_dest_type%3Dhotel%3Broom1%3DA%3Bsb_price_type%3Dtotal%3Bsearch_selected%3D1%3Bshw_aparth%3D1%3Bslp_r_match%3D0%3Bsrc%3Dhotel%3Bsrc_elem%3Dsb%3Bsrpvid%3Dc9c269fca00b026a%3Bss%3DCapital%2520O%252010824%2520Hotel%2520Star%2520Suites%252C%2520New%2520Delhi%252C%2520Delhi%2520NCR%252C%2520India%3Bss_all%3D0%3Bss_raw%3DHotel%2520Star%2520Suites%3Bssb%3Dempty%3Bsshis%3D0%3Bssne%3DNew%2520Delhi%3Bssne_untouched%3DNew%2520Delhi%26%3B&highlighted_hotels=342665&ss=Hotel+Bright%2C+Shankar+Market%2C+Block+M%2C+Connaught+Place%2C+New+Delhi%2C+Delhi%2C+India&is_ski_area=&ssne=New+Delhi&ssne_untouched=New+Delhi&city=-2106102&checkin_year=2022&checkin_month=4&checkin_monthday=17&checkout_year=2022&checkout_month=4&checkout_monthday=18&group_adults=1&group_children=0&no_rooms=1&from_sf=1&sr_change_search=1&ac_position=1&ac_click_type=g&dest_id=ChIJC4qlMTf9DDkRhRQpkx58hqI&dest_type=landmark&place_id=ChIJC4qlMTf9DDkRhRQpkx58hqI&place_id_lat=28.6332422&place_id_lon=77.2225962&place_types=lodging%2Cpoint_of_interest%2Cestablishment&search_pageview_id=c9c269fca00b026a&search_selected=true&ss_raw=hotel+bright+delhi', 3200, 'https://www.trip.com/hotels/list?city=495&countryId=107&checkin=2022/04/17&checkout=2022/04/18&lowPrice=0&highPrice=-1&barCurr=USD&optionId=1625692&optionType=Hotel&directSearch=0&optionName=Hotel%20Bright&display=Hotel%20Bright&crn=1&adult=1&children=0&searchBoxArg=t&travelPurpose=0&ctm_ref=ix_sb_dl&domestic=0', 0, 'Free wifi is offered to guests, and rooms at Hotel Bright Star offer a flat screen TV, a refrigerator, and a minibar.  During your stay, take advantage of some of the amenities offered, including 24 hour front desk, room service, and a concierge. Guests of Hotel Bright are also welcome to enjoy free breakfast, located on site. For travellers arriving by car, parking is available.  During your visit, be sure to check out a popular New Delhi steakhouses such as Empire the Meat Shop, which is a short distance from Hotel Bright.  During your visit, be sure to check out popular attractions like Gurudwara Bangla Sahib (0.9 mi), Connaught Place (0.2 mi), and India Gate (1.0 mi), which are all within walking distance of the hotel.  The staff at Hotel Bright looks forward to serving you during your upcoming visit.  Read less Property amenities Valet parking', 'Excellent', 5, '★★★★★', '★★★★', '★★★★★', '★★★★'),
(62, 6, 'Hotel Star Suites', 'D92, 100 Feet Rd, Phase 2, Chattarpur Enclave, Chhatarpur, Delhi, 110074\r\n', '<iframe src=\"https://www.google.com/maps/embed?pb=!1m18!1m12!1m3!1d3506.2518842204945!2d77.18357011500598!3d28.502068482469475!2m3!1f0!2f0!3f0!3m2!1i1024!2i768!4f13.1!3m3!1m2!1s0x390d1e237d505aed%3A0xd28090d7a72e85ab!2sHotel%20Star%20Suites!5e0!3m2!1sen!2sin!4v1648281797470!5m2!1sen!2sin\" width=\"600\" height=\"450\" style=\"border:0;\" allowfullscreen=\"\" loading=\"lazy\" referrerpolicy=\"no-referrer-when-downgrade\"></iframe>', 0, 'Train Station are also within 2 miles.', 0, '★★', 0, 1300, 'https://www.booking.com/hotel/in/star-suites-new-delhi1.en-gb.html?label=bin859jc-1BCAsobEITaHlhdHQtcmVnZW5jeS1kZWxoaUgzWANobIgBAZgBCbgBF8gBDNgBAegBAYgCAagCA7gCuo64kQbAAgHSAiRkNWYxMDE0My00YzE4LTRjMzEtOWQ1YS02YWVmMDZiNTRiZjHYAgXgAgE&sid=421874fb84d643b774f16f4e513fc871&aid=357028&ucfs=1&arphpl=1&checkin=2022-04-17&checkout=2022-04-18&dest_id=2787608&dest_type=hotel&group_adults=1&req_adults=1&no_rooms=1&group_children=0&req_children=0&hpos=1&hapos=1&sr_order=popularity&srpvid=c9c269fca00b026a&srepoch=1647183867&all_sr_blocks=278760805_328151488_1_0_0&highlighted_blocks=278760805_328151488_1_0_0&matching_block_id=278760805_328151488_1_0_0&sr_pri_blocks=278760805_328151488_1_0_0__132722&from_sustainable_property_sr=1&from=searchresults#hotelTmpl', 1500, 'https://www.trip.com/hotels/delhi-hotel-detail-21844427/capital-o-10824-hotel-star-suites/?cityId=97962&checkIn=2022-04-17&checkOut=2022-04-18&adult=1&children=0&crn=1&ages=&travelpurpose=0&curr=USD&link=title&hoteluniquekey=H4sIAAAAAAAAAON6xMTFK8Fo8B8GGIWYOBilzjBxLO48M4FFiMvQ2NjC0szUwsDI4AKnRUeSIwMICBQ7eIIZCaUOATyFYCZDoMMkRmtOMHNBpYMgRLDIQUlBgUUTpsIQxrB4xhnEyrGRQ4IlisGJleOIkQTLDMbTi7dyrWBk3MgIVtTg5LCDkekEo8ECpvs7F6jtYoIoOwSkD7FIsJxiYrjExHCLieERE8SgV0wMn5gYfkGVNTEzdDEzTGKGKJ7FDFGziJnhFAtE6BJLTHS1UnZqpZKViY5SSWZJTqqSlZJ7fn5KsUJMqYGBkZlCcGpRWWZyarFCSGKFko5SYm5-aV4JUJGpnrkFkF-SWOGZomRlZKqjlJyYk1yak1iSGlJZADTGojb2FgvDIxam6NhPLAxCrODAlFIwtzBLNEqxMEtLMjUxSTFLtEw1sDA0SzZKsTRMS0wySVbg1jgyYcdENiPxU4wihmYm5oYWRoZmRoYmZnrGJoVVSUlWzFKMbh6MQWxmRiZGzuZRMlzMzn6R0KD-YC_FHBrsojhNsa-0MFrSIYk1NU83IiJjE2cBYxcjmwCjB2ME4ypGBgBAsre89AEAAA', 0, 'An Extended Stay Hotel in Vero Beach, FL. This hotel is within 1 mile of Vero Beach Theatre and Holman Stadium at Dodgertown. Old Vero Man Museum and Vero Train Station are also within 2 miles. It features 60 guest rooms, an outdoor pool, and a fitness center. A computer station is located on site and wireless Internet access is complimentary. This Vero Beach hotel also offers a terrace, barbecue grills, and a garden. On-site self parking is complimentary.', 'Very Good', 5, '★★★★★', '★★★★', '★★★★★', '★★★★'),
(63, 6, 'Hyatt Regency Delhi', 'Ring Rd, Bhikaji Cama Place, Rama Krishna Puram, New Delhi, Delhi 110066', '<iframe src=\"https://www.google.com/maps/embed?pb=!1m18!1m12!1m3!1d3504.020787792552!2d77.18352381500753!3d28.569138482442984!2m3!1f0!2f0!3f0!3m2!1i1024!2i768!4f13.1!3m3!1m2!1s0x390d1d837cbc445f%3A0x3b12f7855cfd686c!2sHyatt%20Regency%20Delhi!5e0!3m2!1sen!2sin!4v1648281767511!5m2!1sen!2sin\" width=\"600\" height=\"450\" style=\"border:0;\" allowfullscreen=\"\" loading=\"lazy\" referrerpolicy=\"no-referrer-when-downgrade\"></iframe>', 0, 'located in the commercial hub of Bhikaji Cama Plac...', 0, '★★★★', 0, 7500, 'https://www.booking.com/hotel/in/hyatt-regency-delhi.en-gb.html?aid=357028;label=bin859jc-1DCAsobEITaHlhdHQtcmVnZW5jeS1kZWxoaUgzWANobIgBAZgBCbgBF8gBDNgBA-gBAYgCAagCA7gCuo64kQbAAgHSAiRkNWYxMDE0My00YzE4LTRjMzEtOWQ1YS02YWVmMDZiNTRiZjHYAgTgAgE;sid=421874fb84d643b774f16f4e513fc871;dist=0&group_adults=2&keep_landing=1&sb_price_type=total&type=total&', 7300, 'https://www.trip.com/hotels/new-delhi-hotel-detail-758935/hyatt-regency-delhi/?cityId=495&checkIn=2022-04-17&checkOut=2022-04-18&adult=1&children=0&crn=1&ages=&travelpurpose=0&curr=USD&link=title&hoteluniquekey=H4sIAAAAAAAAAOPi5-KVYDT4DwOMUgpmaQbmaZamJkmWxpYm5pamlpYmSebmyQaGKQYmSWapKQrcGrP7d0xkMxI_xShiaGZibmhhZGhmZGhipmdsUliVlOTBGMRmaexq5uwUxSfFHBrsojhNsa-0MFrSIYk1NU83IiJjEycAkrOuH3gAAAA', 0, 'An Extended Stay Hotel in Vero Beach, FL. This hotel is within 1 mile of Vero Beach Theatre and Holman Stadium at Dodgertown. Old Vero Man Museum and Vero Train Station are also within 2 miles. It features 60 guest rooms, an outdoor pool, and a fitness center. A computer station is located on site and wireless Internet access is complimentary. This Vero Beach hotel also offers a terrace, barbecue grills, and a garden. On-site self parking is complimentary.', 'Excellent', 5, '★★★★★', '★★★★', '★★★★★', '★★★★'),
(64, 5, 'patakar', 'goregaon', NULL, 1, '3 minutres from patkar', 1, '★★★★', 0, 0, NULL, 0, NULL, 0, '', '', 0, '', '', '', '');

-- --------------------------------------------------------

--
-- Table structure for table `tblownerdetails`
--

CREATE TABLE `tblownerdetails` (
  `OwnerID` int(50) NOT NULL,
  `OwnerAddress` text NOT NULL,
  `OwnerEmailId` varchar(30) NOT NULL,
  `OwnerNum` text NOT NULL,
  `Priority` int(11) NOT NULL,
  `Status` int(11) NOT NULL
) ENGINE=InnoDB DEFAULT CHARSET=latin1;

--
-- Dumping data for table `tblownerdetails`
--

INSERT INTO `tblownerdetails` (`OwnerID`, `OwnerAddress`, `OwnerEmailId`, `OwnerNum`, `Priority`, `Status`) VALUES
(1, 'Patkar Varde College, Goregaon, Mumbai', 'hotelfinder.find@gmail.com', '9987939968', 1, 0),
(2, 'ram mandir station', 'rishabh@gmail.com', '123456789', 1, 0);

-- --------------------------------------------------------

--
-- Table structure for table `tblsocialmedia`
--

CREATE TABLE `tblsocialmedia` (
  `SMID` int(11) NOT NULL,
  `SMName` varchar(50) NOT NULL,
  `SMIcon` varchar(100) NOT NULL,
  `SMURL` text NOT NULL,
  `Priority` tinyint(4) NOT NULL,
  `Status` tinyint(4) NOT NULL
) ENGINE=InnoDB DEFAULT CHARSET=utf8mb4;

--
-- Dumping data for table `tblsocialmedia`
--

INSERT INTO `tblsocialmedia` (`SMID`, `SMName`, `SMIcon`, `SMURL`, `Priority`, `Status`) VALUES
(1, 'WhatsApp', 'img/whatsapp.png', 'https://wa.me/message/YCVPXZ3BDHC2B1', 1, 0),
(2, 'FaceBook', 'img/facebook.png', 'https://www.facebook.com/Patkar-college-113446932061359/', 2, 0),
(3, 'Instagram', 'img/instagram.png', 'https://www.instagram.com/sfcpatkar/?hl=en', 3, 0),
(4, 'Twitter', 'img/twitter.png', 'https://twitter.com/vardepatkar', 4, 0);

-- --------------------------------------------------------

--
-- Table structure for table `tblstaticpages`
--

CREATE TABLE `tblstaticpages` (
  `PageID` int(11) NOT NULL,
  `PageName` varchar(100) NOT NULL,
  `PageTitle` varchar(200) NOT NULL,
  `PageContent` text NOT NULL,
  `ShowInTopMenu` tinyint(4) NOT NULL,
  `ShowInFooter` tinyint(4) NOT NULL,
  `Priority` tinyint(4) NOT NULL,
  `Status` tinyint(4) NOT NULL
) ENGINE=InnoDB DEFAULT CHARSET=utf8mb4;

--
-- Dumping data for table `tblstaticpages`
--

INSERT INTO `tblstaticpages` (`PageID`, `PageName`, `PageTitle`, `PageContent`, `ShowInTopMenu`, `ShowInFooter`, `Priority`, `Status`) VALUES
(1, 'About Us', 'About Us', 'When it comes to both our product and our organization, we are at the forefront of innovation. We are curious, enthusiastic and driven by the desire to exceed our users’ expectations.\r\nRead more about who we are more about who we are\r\n\r\nHotels & Alternative Accommodation\r\n\r\n5m+\r\nCountries Our Meta Search Covers\r\n\r\n190\r\nLocalized Websites & Apps\r\n\r\n54\r\nOur Culture and Values\r\nWe’re a little unconventional. We are a team of entrepreneurs, powered by a shared passion to stay ahead of the game. We are a diverse, inquisitive and versatile team of 90 different nationalities, who come together to work towards one common goal.\r\n\r\nLearn more about our culture and values Learn more about our culture and values', 0, 0, 1, 0),
(2, 'Disclaimer', 'Disclaimer', 'The IR information posted on this website is intended to provide financial information and management indicators of OYO Corporation (hereinafter \"the Company\") However, the Company makes no guarantees or representations whatsoever regarding the information contained in this website. Information posted on this website is for the purpose of providing information on our group, and is not for the purpose of soliciting investments. You are asked to make investment decisions at your own discretion.', 0, 0, 2, 0),
(4, 'Privacy policy', 'privacy policy', 'This notice applies to anyone who interacts with us in relation to our products and services (“you”, “your”), via any channel (e.g. app, website, email, phone, walk-ins to OYO-branded accommodations, booking an OYO-branded accommodation via a third party travel agency, etc.). We may give you additional privacy notices if required for specific interactions.\r\n\r\nIf you book a stay through us at one of our partners’ guest houses, hotels and other lodgings (i.e. you stay at a property that is not OYO-branded), that partner will use your personal data as shown in their privacy notice.', 0, 0, 3, 0),
(5, 'Terms and Condtion', 'Terms and Condtion', 'These terms form a legally binding agreement between Users (“User(s), you, your, customer(s), yourself”) and Oravel\r\nStays Private Limited and/or its subsidiaries and affiliates (“OYO, we, us, our”). These terms shall govern the use of the\r\nwebsite, mobile application, call centers (collectively referred to as “OYO Platform”) which enables the User to connect\r\nwith us in relation to the services offered through the OYO Platform (\"Services\").\r\n\r\nPlease read these terms carefully before accessing, using, obtaining or availing any products or Services by OYO. If\r\nyou do not agree with these Terms of Use you may refrain from using the OYO Platform and/or Services. These\r\nconditions must be read in conjunction with any other applicable terms and conditions governing the use of OYO\r\nPlatform and Services.\r\n\r\nOYO reserves the right to modify these Terms of Use at any time at its sole discretion. It will be your responsibility to\r\nkeep yourself updated with the Terms of Use from time to time, your continued usage of the OYO Platform and Services\r\nwould be deemed to be an acceptance of these terms and the modifications thereto.\r\n\r\n', 0, 0, 4, 0);

--
-- Indexes for dumped tables
--

--
-- Indexes for table `tblbanner`
--
ALTER TABLE `tblbanner`
  ADD PRIMARY KEY (`BannerID`);

--
-- Indexes for table `tblcitymasters`
--
ALTER TABLE `tblcitymasters`
  ADD PRIMARY KEY (`CityID`);

--
-- Indexes for table `tblhoteldetails`
--
ALTER TABLE `tblhoteldetails`
  ADD PRIMARY KEY (`HDID`);

--
-- Indexes for table `tblhotelimages`
--
ALTER TABLE `tblhotelimages`
  ADD PRIMARY KEY (`HID`);

--
-- Indexes for table `tblhotelmetacontent`
--
ALTER TABLE `tblhotelmetacontent`
  ADD PRIMARY KEY (`HMCID`);

--
-- Indexes for table `tblhotelrooms`
--
ALTER TABLE `tblhotelrooms`
  ADD PRIMARY KEY (`RoomID`);

--
-- Indexes for table `tblhotels`
--
ALTER TABLE `tblhotels`
  ADD PRIMARY KEY (`HotelID`);

--
-- Indexes for table `tblownerdetails`
--
ALTER TABLE `tblownerdetails`
  ADD PRIMARY KEY (`OwnerID`);

--
-- Indexes for table `tblsocialmedia`
--
ALTER TABLE `tblsocialmedia`
  ADD PRIMARY KEY (`SMID`);

--
-- Indexes for table `tblstaticpages`
--
ALTER TABLE `tblstaticpages`
  ADD PRIMARY KEY (`PageID`);

--
-- AUTO_INCREMENT for dumped tables
--

--
-- AUTO_INCREMENT for table `tblbanner`
--
ALTER TABLE `tblbanner`
  MODIFY `BannerID` int(11) NOT NULL AUTO_INCREMENT, AUTO_INCREMENT=4;

--
-- AUTO_INCREMENT for table `tblcitymasters`
--
ALTER TABLE `tblcitymasters`
  MODIFY `CityID` int(11) NOT NULL AUTO_INCREMENT, AUTO_INCREMENT=9;

--
-- AUTO_INCREMENT for table `tblhoteldetails`
--
ALTER TABLE `tblhoteldetails`
  MODIFY `HDID` int(11) NOT NULL AUTO_INCREMENT;

--
-- AUTO_INCREMENT for table `tblhotelimages`
--
ALTER TABLE `tblhotelimages`
  MODIFY `HID` int(11) NOT NULL AUTO_INCREMENT, AUTO_INCREMENT=73;

--
-- AUTO_INCREMENT for table `tblhotelmetacontent`
--
ALTER TABLE `tblhotelmetacontent`
  MODIFY `HMCID` int(11) NOT NULL AUTO_INCREMENT;

--
-- AUTO_INCREMENT for table `tblhotelrooms`
--
ALTER TABLE `tblhotelrooms`
  MODIFY `RoomID` bigint(20) NOT NULL AUTO_INCREMENT;

--
-- AUTO_INCREMENT for table `tblhotels`
--
ALTER TABLE `tblhotels`
  MODIFY `HotelID` int(11) NOT NULL AUTO_INCREMENT, AUTO_INCREMENT=65;

--
-- AUTO_INCREMENT for table `tblownerdetails`
--
ALTER TABLE `tblownerdetails`
  MODIFY `OwnerID` int(50) NOT NULL AUTO_INCREMENT, AUTO_INCREMENT=3;

--
-- AUTO_INCREMENT for table `tblsocialmedia`
--
ALTER TABLE `tblsocialmedia`
  MODIFY `SMID` int(11) NOT NULL AUTO_INCREMENT, AUTO_INCREMENT=5;

--
-- AUTO_INCREMENT for table `tblstaticpages`
--
ALTER TABLE `tblstaticpages`
  MODIFY `PageID` int(11) NOT NULL AUTO_INCREMENT, AUTO_INCREMENT=6;
COMMIT;

/*!40101 SET CHARACTER_SET_CLIENT=@OLD_CHARACTER_SET_CLIENT */;
/*!40101 SET CHARACTER_SET_RESULTS=@OLD_CHARACTER_SET_RESULTS */;
/*!40101 SET COLLATION_CONNECTION=@OLD_COLLATION_CONNECTION */;
